<?xml version="1.0"?>
<kml xmlns="http://www.opengis.net/kml/2.2">
  <Document>
    <name>Book KML</name>
    <Style id="redpin">
      <BalloonStyle>
        <text>&lt;div class="maps-balloon"&gt;$[description]&lt;/div&gt;</text>
      </BalloonStyle>
      <IconStyle>
        <Icon>
          <href>http://maps.google.com/mapfiles/kml/paddle/red-square.png</href>
        </Icon>
      </IconStyle>
    </Style>
    <Style id="blupin">
      <BalloonStyle>
        <text>&lt;div class="maps-balloon"&gt;$[description]&lt;/div&gt;</text>
      </BalloonStyle>
      <IconStyle>
        <Icon>
          <href>http://maps.google.com/mapfiles/kml/paddle/blu-square.png</href>
        </Icon>
      </IconStyle>
    </Style>
    <Style id="grnpin">
      <BalloonStyle>
        <text>&lt;div class="maps-balloon"&gt;$[description]&lt;/div&gt;</text>
      </BalloonStyle>
      <IconStyle>
        <Icon>
          <href>http://maps.google.com/mapfiles/kml/paddle/grn-square.png</href>
        </Icon>
      </IconStyle>
    </Style>
    <Style id="purplepin">
      <BalloonStyle>
        <text>&lt;div class="maps-balloon"&gt;$[description]&lt;/div&gt;</text>
      </BalloonStyle>
      <IconStyle>
        <Icon>
          <href>http://maps.google.com/mapfiles/kml/paddle/purple-square.png</href>
        </Icon>
      </IconStyle>
    </Style>
    <Style id="pinkpin">
      <BalloonStyle>
        <text>&lt;div class="maps-balloon"&gt;$[description]&lt;/div&gt;</text>
      </BalloonStyle>
      <IconStyle>
        <Icon>
          <href>http://maps.google.com/mapfiles/kml/paddle/pink-square.png</href>
        </Icon>
      </IconStyle>
    </Style>
    <Style id="ylwpin">
      <BalloonStyle>
        <text>&lt;div class="maps-balloon"&gt;$[description]&lt;/div&gt;</text>
      </BalloonStyle>
      <IconStyle>
        <Icon>
          <href>http://maps.google.com/mapfiles/kml/paddle/ylw-square.png</href>
        </Icon>
      </IconStyle>
    </Style>
    <Placemark id="brill_awdl000002">
      <styleUrl>#redpin</styleUrl>
      <name>Palestinian bichrome ware</name>
      <description>
        &lt;div&gt;&lt;/div&gt;
        &lt;div&gt;
          &lt;table&gt;
            &lt;tr&gt;
              &lt;td&gt;Title&lt;/td&gt;
              &lt;td&gt;&lt;a href="http://hdl.handle.net/2333.1/np5hqdth"&gt;Palestinian bichrome ware&lt;/a&gt;&lt;/td&gt;
            &lt;/tr&gt;
            &lt;tr&gt;
              &lt;td&gt;Subtitle&lt;/td&gt;
              &lt;td&gt;&lt;/td&gt;
            &lt;/tr&gt;
            &lt;tr&gt;
              &lt;td&gt;Author&lt;/td&gt;
              &lt;td&gt;Epstein, Claire.&lt;/td&gt;
            &lt;/tr&gt;
            &lt;tr&gt;
              &lt;td&gt;Publisher&lt;/td&gt;
              &lt;td&gt;Brill, Leiden, 2000&lt;/td&gt;
            &lt;/tr&gt;
            &lt;tr&gt;
              &lt;td&gt;Language&lt;/td&gt;
              &lt;td&gt;English&lt;/td&gt;
            &lt;/tr&gt;
            &lt;tr&gt;
              &lt;td&gt;Call Number&lt;/td&gt;
              &lt;td&gt;NK3855.P2 E6 1966&lt;/td&gt;
            &lt;/tr&gt;
            &lt;tr&gt;
              &lt;td&gt;Geo Subject&lt;/td&gt;
              &lt;td&gt;Israel, Palestine&lt;/td&gt;
            &lt;/tr&gt;
            &lt;tr&gt;
              &lt;td&gt;ID&lt;/td&gt;
              &lt;td&gt;brill_awdl000002&lt;/td&gt;
            &lt;/tr&gt;
          &lt;/table&gt;
        &lt;/div&gt;
</description>
      <Point>
        <coordinates>35.2618610158074,31.9309981612421,0</coordinates>
      </Point>
    </Placemark>
    <Placemark id="brill_awdl000003">
      <styleUrl>#redpin</styleUrl>
      <name>Ab&#x16B; Sa'&#x12B;d-i Ab&#x16B; l-Hayr (357-440/967-1049)</name>
      <description>
        &lt;div&gt;&lt;/div&gt;
        &lt;div&gt;
          &lt;table&gt;
            &lt;tr&gt;
              &lt;td&gt;Title&lt;/td&gt;
              &lt;td&gt;&lt;a href="http://hdl.handle.net/2333.1/hx3ffd84"&gt;Ab&#x16B; Sa'&#x12B;d-i Ab&#x16B; l-Hayr (357-440/967-1049)&lt;/a&gt;&lt;/td&gt;
            &lt;/tr&gt;
            &lt;tr&gt;
              &lt;td&gt;Subtitle&lt;/td&gt;
              &lt;td&gt;Wirklichkeit und Legende&lt;/td&gt;
            &lt;/tr&gt;
            &lt;tr&gt;
              &lt;td&gt;Author&lt;/td&gt;
              &lt;td&gt;Meier, Fritz, 1912-1998&lt;/td&gt;
            &lt;/tr&gt;
            &lt;tr&gt;
              &lt;td&gt;Publisher&lt;/td&gt;
              &lt;td&gt;Biblioth&#xE8;que Pahlavi, T&#xE9;h&#xE9;ran, 1976&lt;/td&gt;
            &lt;/tr&gt;
            &lt;tr&gt;
              &lt;td&gt;Language&lt;/td&gt;
              &lt;td&gt;German&lt;/td&gt;
            &lt;/tr&gt;
            &lt;tr&gt;
              &lt;td&gt;Call Number&lt;/td&gt;
              &lt;td&gt;BP80.A196 M42 1976&lt;/td&gt;
            &lt;/tr&gt;
            &lt;tr&gt;
              &lt;td&gt;Geo Subject&lt;/td&gt;
              &lt;td&gt;Iran&lt;/td&gt;
            &lt;/tr&gt;
            &lt;tr&gt;
              &lt;td&gt;ID&lt;/td&gt;
              &lt;td&gt;brill_awdl000003&lt;/td&gt;
            &lt;/tr&gt;
          &lt;/table&gt;
        &lt;/div&gt;
</description>
      <Point>
        <coordinates>52.8044087847651,31.8003398384395,0</coordinates>
      </Point>
    </Placemark>
    <Placemark id="brill_awdl000008">
      <styleUrl>#redpin</styleUrl>
      <name>Judaea and Mediterranean politics, 219 to 161 B.C.E</name>
      <description>
        &lt;div&gt;&lt;/div&gt;
        &lt;div&gt;
          &lt;table&gt;
            &lt;tr&gt;
              &lt;td&gt;Title&lt;/td&gt;
              &lt;td&gt;&lt;a href="http://hdl.handle.net/2333.1/w6m907nf"&gt;Judaea and Mediterranean politics, 219 to 161 B.C.E&lt;/a&gt;&lt;/td&gt;
            &lt;/tr&gt;
            &lt;tr&gt;
              &lt;td&gt;Subtitle&lt;/td&gt;
              &lt;td&gt;&lt;/td&gt;
            &lt;/tr&gt;
            &lt;tr&gt;
              &lt;td&gt;Author&lt;/td&gt;
              &lt;td&gt;Gera, Dov.&lt;/td&gt;
            &lt;/tr&gt;
            &lt;tr&gt;
              &lt;td&gt;Publisher&lt;/td&gt;
              &lt;td&gt;Brill, Leiden, 1998&lt;/td&gt;
            &lt;/tr&gt;
            &lt;tr&gt;
              &lt;td&gt;Language&lt;/td&gt;
              &lt;td&gt;English&lt;/td&gt;
            &lt;/tr&gt;
            &lt;tr&gt;
              &lt;td&gt;Call Number&lt;/td&gt;
              &lt;td&gt;DS121.65 .G47 1998&lt;/td&gt;
            &lt;/tr&gt;
            &lt;tr&gt;
              &lt;td&gt;Geo Subject&lt;/td&gt;
              &lt;td&gt;Rome&lt;/td&gt;
            &lt;/tr&gt;
            &lt;tr&gt;
              &lt;td&gt;ID&lt;/td&gt;
              &lt;td&gt;brill_awdl000008&lt;/td&gt;
            &lt;/tr&gt;
          &lt;/table&gt;
        &lt;/div&gt;
</description>
      <Point>
        <coordinates>12.4864718279376,41.8763371483846,0</coordinates>
      </Point>
    </Placemark>
    <Placemark id="brill_awdl000011">
      <styleUrl>#redpin</styleUrl>
      <name>The domestication of metals</name>
      <description>
        &lt;div&gt;&lt;/div&gt;
        &lt;div&gt;
          &lt;table&gt;
            &lt;tr&gt;
              &lt;td&gt;Title&lt;/td&gt;
              &lt;td&gt;&lt;a href="http://hdl.handle.net/2333.1/gxd25616"&gt;The domestication of metals&lt;/a&gt;&lt;/td&gt;
            &lt;/tr&gt;
            &lt;tr&gt;
              &lt;td&gt;Subtitle&lt;/td&gt;
              &lt;td&gt;the rise of complex metal industries in Anatolia&lt;/td&gt;
            &lt;/tr&gt;
            &lt;tr&gt;
              &lt;td&gt;Author&lt;/td&gt;
              &lt;td&gt;Yener, K. Aslihan.&lt;/td&gt;
            &lt;/tr&gt;
            &lt;tr&gt;
              &lt;td&gt;Publisher&lt;/td&gt;
              &lt;td&gt;Brill, Leiden, 2000&lt;/td&gt;
            &lt;/tr&gt;
            &lt;tr&gt;
              &lt;td&gt;Language&lt;/td&gt;
              &lt;td&gt;English&lt;/td&gt;
            &lt;/tr&gt;
            &lt;tr&gt;
              &lt;td&gt;Call Number&lt;/td&gt;
              &lt;td&gt;GN778.32.T9 Y45 2000&lt;/td&gt;
            &lt;/tr&gt;
            &lt;tr&gt;
              &lt;td&gt;Geo Subject&lt;/td&gt;
              &lt;td&gt;Turkey&lt;/td&gt;
            &lt;/tr&gt;
            &lt;tr&gt;
              &lt;td&gt;ID&lt;/td&gt;
              &lt;td&gt;brill_awdl000011&lt;/td&gt;
            &lt;/tr&gt;
          &lt;/table&gt;
        &lt;/div&gt;
</description>
      <Point>
        <coordinates>34.7389403708106,38.6108633383901,0</coordinates>
      </Point>
    </Placemark>
    <Placemark id="brill_awdl000013">
      <styleUrl>#redpin</styleUrl>
      <name>Seleucid archival texts in the Harvard Semitic Museum</name>
      <description>
        &lt;div&gt;&lt;/div&gt;
        &lt;div&gt;
          &lt;table&gt;
            &lt;tr&gt;
              &lt;td&gt;Title&lt;/td&gt;
              &lt;td&gt;&lt;a href="http://hdl.handle.net/2333.1/7d7wm51r"&gt;Seleucid archival texts in the Harvard Semitic Museum&lt;/a&gt;&lt;/td&gt;
            &lt;/tr&gt;
            &lt;tr&gt;
              &lt;td&gt;Subtitle&lt;/td&gt;
              &lt;td&gt;text editions and catalogue raisonn&#xE9; of the seal impressions&lt;/td&gt;
            &lt;/tr&gt;
            &lt;tr&gt;
              &lt;td&gt;Author&lt;/td&gt;
              &lt;td&gt;Wallenfels, Ronald.&lt;/td&gt;
            &lt;/tr&gt;
            &lt;tr&gt;
              &lt;td&gt;Publisher&lt;/td&gt;
              &lt;td&gt;Styx, Groningen, 1998&lt;/td&gt;
            &lt;/tr&gt;
            &lt;tr&gt;
              &lt;td&gt;Language&lt;/td&gt;
              &lt;td&gt;Akkadian&lt;/td&gt;
            &lt;/tr&gt;
            &lt;tr&gt;
              &lt;td&gt;Call Number&lt;/td&gt;
              &lt;td&gt;PJ3870 .W35 1998&lt;/td&gt;
            &lt;/tr&gt;
            &lt;tr&gt;
              &lt;td&gt;Geo Subject&lt;/td&gt;
              &lt;td&gt;Erech (Extinct city), Iraq&lt;/td&gt;
            &lt;/tr&gt;
            &lt;tr&gt;
              &lt;td&gt;ID&lt;/td&gt;
              &lt;td&gt;brill_awdl000013&lt;/td&gt;
            &lt;/tr&gt;
          &lt;/table&gt;
        &lt;/div&gt;
</description>
      <Point>
        <coordinates>44.047149555489,33.7565005399703,0</coordinates>
      </Point>
    </Placemark>
    <Placemark id="brill_awdl000015">
      <styleUrl>#redpin</styleUrl>
      <name>"Wenn Du mein Bruder bist..."</name>
      <description>
        &lt;div&gt;&lt;/div&gt;
        &lt;div&gt;
          &lt;table&gt;
            &lt;tr&gt;
              &lt;td&gt;Title&lt;/td&gt;
              &lt;td&gt;&lt;a href="http://hdl.handle.net/2333.1/000001rh"&gt;"Wenn Du mein Bruder bist..."&lt;/a&gt;&lt;/td&gt;
            &lt;/tr&gt;
            &lt;tr&gt;
              &lt;td&gt;Subtitle&lt;/td&gt;
              &lt;td&gt;Interaktion und Textgestaltung in altbabylonischen Alltagsbriefen&lt;/td&gt;
            &lt;/tr&gt;
            &lt;tr&gt;
              &lt;td&gt;Author&lt;/td&gt;
              &lt;td&gt;Sallaberger, Walther.&lt;/td&gt;
            &lt;/tr&gt;
            &lt;tr&gt;
              &lt;td&gt;Publisher&lt;/td&gt;
              &lt;td&gt;Styx, Groningen, 1999&lt;/td&gt;
            &lt;/tr&gt;
            &lt;tr&gt;
              &lt;td&gt;Language&lt;/td&gt;
              &lt;td&gt;German&lt;/td&gt;
            &lt;/tr&gt;
            &lt;tr&gt;
              &lt;td&gt;Call Number&lt;/td&gt;
              &lt;td&gt;PJ3883 .S25 1999&lt;/td&gt;
            &lt;/tr&gt;
            &lt;tr&gt;
              &lt;td&gt;Geo Subject&lt;/td&gt;
              &lt;td&gt;Babylonia, Iraq&lt;/td&gt;
            &lt;/tr&gt;
            &lt;tr&gt;
              &lt;td&gt;ID&lt;/td&gt;
              &lt;td&gt;brill_awdl000015&lt;/td&gt;
            &lt;/tr&gt;
          &lt;/table&gt;
        &lt;/div&gt;
</description>
      <Point>
        <coordinates>44.5584934484442,32.4179789463691,0</coordinates>
      </Point>
    </Placemark>
    <Placemark id="brill_awdl000020">
      <styleUrl>#redpin</styleUrl>
      <name>Essays on ancient Egypt in honour of Herman te Velde</name>
      <description>
        &lt;div&gt;&lt;/div&gt;
        &lt;div&gt;
          &lt;table&gt;
            &lt;tr&gt;
              &lt;td&gt;Title&lt;/td&gt;
              &lt;td&gt;&lt;a href="http://hdl.handle.net/2333.1/b5mkkzb1"&gt;Essays on ancient Egypt in honour of Herman te Velde&lt;/a&gt;&lt;/td&gt;
            &lt;/tr&gt;
            &lt;tr&gt;
              &lt;td&gt;Subtitle&lt;/td&gt;
              &lt;td&gt;&lt;/td&gt;
            &lt;/tr&gt;
            &lt;tr&gt;
              &lt;td&gt;Author&lt;/td&gt;
              &lt;td&gt;Velde, Herman te. - Dijk, Jacobus van, 1953-&lt;/td&gt;
            &lt;/tr&gt;
            &lt;tr&gt;
              &lt;td&gt;Publisher&lt;/td&gt;
              &lt;td&gt;STYX, Groningen, 1997&lt;/td&gt;
            &lt;/tr&gt;
            &lt;tr&gt;
              &lt;td&gt;Language&lt;/td&gt;
              &lt;td&gt;English&lt;/td&gt;
            &lt;/tr&gt;
            &lt;tr&gt;
              &lt;td&gt;Call Number&lt;/td&gt;
              &lt;td&gt;DT61 .E84 1997&lt;/td&gt;
            &lt;/tr&gt;
            &lt;tr&gt;
              &lt;td&gt;Geo Subject&lt;/td&gt;
              &lt;td&gt;Egypt&lt;/td&gt;
            &lt;/tr&gt;
            &lt;tr&gt;
              &lt;td&gt;ID&lt;/td&gt;
              &lt;td&gt;brill_awdl000020&lt;/td&gt;
            &lt;/tr&gt;
          &lt;/table&gt;
        &lt;/div&gt;
</description>
      <Point>
        <coordinates>30.0198237973012,27.9117010789661,0</coordinates>
      </Point>
    </Placemark>
    <Placemark id="brill_awdl000021">
      <styleUrl>#redpin</styleUrl>
      <name>Domination and resistance</name>
      <description>
        &lt;div&gt;&lt;/div&gt;
        &lt;div&gt;
          &lt;table&gt;
            &lt;tr&gt;
              &lt;td&gt;Title&lt;/td&gt;
              &lt;td&gt;&lt;a href="http://hdl.handle.net/2333.1/6hdr7vhh"&gt;Domination and resistance&lt;/a&gt;&lt;/td&gt;
            &lt;/tr&gt;
            &lt;tr&gt;
              &lt;td&gt;Subtitle&lt;/td&gt;
              &lt;td&gt;Egyptian military activity in the southern Levant, ca. 1300-1185 B.C&lt;/td&gt;
            &lt;/tr&gt;
            &lt;tr&gt;
              &lt;td&gt;Author&lt;/td&gt;
              &lt;td&gt;Hasel, Michael G.&lt;/td&gt;
            &lt;/tr&gt;
            &lt;tr&gt;
              &lt;td&gt;Publisher&lt;/td&gt;
              &lt;td&gt;Brill, Leiden, 1998&lt;/td&gt;
            &lt;/tr&gt;
            &lt;tr&gt;
              &lt;td&gt;Language&lt;/td&gt;
              &lt;td&gt;English&lt;/td&gt;
            &lt;/tr&gt;
            &lt;tr&gt;
              &lt;td&gt;Call Number&lt;/td&gt;
              &lt;td&gt;DT87 .H37 1998&lt;/td&gt;
            &lt;/tr&gt;
            &lt;tr&gt;
              &lt;td&gt;Geo Subject&lt;/td&gt;
              &lt;td&gt;Egypt, Palestine, Syria&lt;/td&gt;
            &lt;/tr&gt;
            &lt;tr&gt;
              &lt;td&gt;ID&lt;/td&gt;
              &lt;td&gt;brill_awdl000021&lt;/td&gt;
            &lt;/tr&gt;
          &lt;/table&gt;
        &lt;/div&gt;
</description>
      <Point>
        <coordinates>38.3860928858335,34.831981600198,0</coordinates>
      </Point>
    </Placemark>
    <Placemark id="brill_awdl000022">
      <styleUrl>#redpin</styleUrl>
      <name>Siut - Theben</name>
      <description>
        &lt;div&gt;&lt;/div&gt;
        &lt;div&gt;
          &lt;table&gt;
            &lt;tr&gt;
              &lt;td&gt;Title&lt;/td&gt;
              &lt;td&gt;&lt;a href="http://hdl.handle.net/2333.1/2rbnzv07"&gt;Siut - Theben&lt;/a&gt;&lt;/td&gt;
            &lt;/tr&gt;
            &lt;tr&gt;
              &lt;td&gt;Subtitle&lt;/td&gt;
              &lt;td&gt;zur Wertsch&#xE4;tzung von Traditionen im alten &#xC4;gpten&lt;/td&gt;
            &lt;/tr&gt;
            &lt;tr&gt;
              &lt;td&gt;Author&lt;/td&gt;
              &lt;td&gt;Kahl, Jochem.&lt;/td&gt;
            &lt;/tr&gt;
            &lt;tr&gt;
              &lt;td&gt;Publisher&lt;/td&gt;
              &lt;td&gt;Brill, Boston, 1999&lt;/td&gt;
            &lt;/tr&gt;
            &lt;tr&gt;
              &lt;td&gt;Language&lt;/td&gt;
              &lt;td&gt;German&lt;/td&gt;
            &lt;/tr&gt;
            &lt;tr&gt;
              &lt;td&gt;Call Number&lt;/td&gt;
              &lt;td&gt;DT61 .K3 1999&lt;/td&gt;
            &lt;/tr&gt;
            &lt;tr&gt;
              &lt;td&gt;Geo Subject&lt;/td&gt;
              &lt;td&gt;Asy&#x16B;&#x1E6D; (Egypt), Egypt, Thebes (Egypt : Extinct city)&lt;/td&gt;
            &lt;/tr&gt;
            &lt;tr&gt;
              &lt;td&gt;ID&lt;/td&gt;
              &lt;td&gt;brill_awdl000022&lt;/td&gt;
            &lt;/tr&gt;
          &lt;/table&gt;
        &lt;/div&gt;
</description>
      <Point>
        <coordinates>28.8959263544193,26.6557817267583,0</coordinates>
      </Point>
    </Placemark>
    <Placemark id="brill_awdl000023">
      <styleUrl>#redpin</styleUrl>
      <name>Le r&#xE9;gime administratif de l'eau du Nil dans l'Egypte grecque, romaine et byzantine</name>
      <description>
        &lt;div&gt;&lt;/div&gt;
        &lt;div&gt;
          &lt;table&gt;
            &lt;tr&gt;
              &lt;td&gt;Title&lt;/td&gt;
              &lt;td&gt;&lt;a href="http://hdl.handle.net/2333.1/z08kptmw"&gt;Le r&#xE9;gime administratif de l'eau du Nil dans l'Egypte grecque, romaine et byzantine&lt;/a&gt;&lt;/td&gt;
            &lt;/tr&gt;
            &lt;tr&gt;
              &lt;td&gt;Subtitle&lt;/td&gt;
              &lt;td&gt;&lt;/td&gt;
            &lt;/tr&gt;
            &lt;tr&gt;
              &lt;td&gt;Author&lt;/td&gt;
              &lt;td&gt;Bonneau, Danielle.&lt;/td&gt;
            &lt;/tr&gt;
            &lt;tr&gt;
              &lt;td&gt;Publisher&lt;/td&gt;
              &lt;td&gt;E.J. Brill, Leiden, 1993&lt;/td&gt;
            &lt;/tr&gt;
            &lt;tr&gt;
              &lt;td&gt;Language&lt;/td&gt;
              &lt;td&gt;French&lt;/td&gt;
            &lt;/tr&gt;
            &lt;tr&gt;
              &lt;td&gt;Call Number&lt;/td&gt;
              &lt;td&gt;HD1741.E3 B66 1993&lt;/td&gt;
            &lt;/tr&gt;
            &lt;tr&gt;
              &lt;td&gt;Geo Subject&lt;/td&gt;
              &lt;td&gt;Egypt&lt;/td&gt;
            &lt;/tr&gt;
            &lt;tr&gt;
              &lt;td&gt;ID&lt;/td&gt;
              &lt;td&gt;brill_awdl000023&lt;/td&gt;
            &lt;/tr&gt;
          &lt;/table&gt;
        &lt;/div&gt;
</description>
      <Point>
        <coordinates>30.1691048512405,27.2279201028904,0</coordinates>
      </Point>
    </Placemark>
    <Placemark id="brill_awdl000024">
      <styleUrl>#redpin</styleUrl>
      <name>Aspects of old Assyrian trade and its terminology</name>
      <description>
        &lt;div&gt;&lt;/div&gt;
        &lt;div&gt;
          &lt;table&gt;
            &lt;tr&gt;
              &lt;td&gt;Title&lt;/td&gt;
              &lt;td&gt;&lt;a href="http://hdl.handle.net/2333.1/t76hdt3r"&gt;Aspects of old Assyrian trade and its terminology&lt;/a&gt;&lt;/td&gt;
            &lt;/tr&gt;
            &lt;tr&gt;
              &lt;td&gt;Subtitle&lt;/td&gt;
              &lt;td&gt;&lt;/td&gt;
            &lt;/tr&gt;
            &lt;tr&gt;
              &lt;td&gt;Author&lt;/td&gt;
              &lt;td&gt;Veenhof, K. R.&lt;/td&gt;
            &lt;/tr&gt;
            &lt;tr&gt;
              &lt;td&gt;Publisher&lt;/td&gt;
              &lt;td&gt;E.J. Brill, Leiden, 1972&lt;/td&gt;
            &lt;/tr&gt;
            &lt;tr&gt;
              &lt;td&gt;Language&lt;/td&gt;
              &lt;td&gt;English&lt;/td&gt;
            &lt;/tr&gt;
            &lt;tr&gt;
              &lt;td&gt;Call Number&lt;/td&gt;
              &lt;td&gt;HF368 .V4 1972&lt;/td&gt;
            &lt;/tr&gt;
            &lt;tr&gt;
              &lt;td&gt;Geo Subject&lt;/td&gt;
              &lt;td&gt;Assyria&lt;/td&gt;
            &lt;/tr&gt;
            &lt;tr&gt;
              &lt;td&gt;ID&lt;/td&gt;
              &lt;td&gt;brill_awdl000024&lt;/td&gt;
            &lt;/tr&gt;
          &lt;/table&gt;
        &lt;/div&gt;
</description>
      <Point>
        <coordinates>43.2712538115707,35.4707682999471,0</coordinates>
      </Point>
    </Placemark>
    <Placemark id="brill_awdl000026">
      <styleUrl>#redpin</styleUrl>
      <name>Carthage et les Grecs c. 580-480 av. J.-C</name>
      <description>
        &lt;div&gt;&lt;/div&gt;
        &lt;div&gt;
          &lt;table&gt;
            &lt;tr&gt;
              &lt;td&gt;Title&lt;/td&gt;
              &lt;td&gt;&lt;a href="http://hdl.handle.net/2333.1/jq2bvs24"&gt;Carthage et les Grecs c. 580-480 av. J.-C&lt;/a&gt;&lt;/td&gt;
            &lt;/tr&gt;
            &lt;tr&gt;
              &lt;td&gt;Subtitle&lt;/td&gt;
              &lt;td&gt;textes et histoire&lt;/td&gt;
            &lt;/tr&gt;
            &lt;tr&gt;
              &lt;td&gt;Author&lt;/td&gt;
              &lt;td&gt;Krings, V&#xE9;ronique.&lt;/td&gt;
            &lt;/tr&gt;
            &lt;tr&gt;
              &lt;td&gt;Publisher&lt;/td&gt;
              &lt;td&gt;Brill, Leiden, 1998&lt;/td&gt;
            &lt;/tr&gt;
            &lt;tr&gt;
              &lt;td&gt;Language&lt;/td&gt;
              &lt;td&gt;French&lt;/td&gt;
            &lt;/tr&gt;
            &lt;tr&gt;
              &lt;td&gt;Call Number&lt;/td&gt;
              &lt;td&gt;DT269.C35 K75 1998&lt;/td&gt;
            &lt;/tr&gt;
            &lt;tr&gt;
              &lt;td&gt;Geo Subject&lt;/td&gt;
              &lt;td&gt;Carthage (Extinct city), Greece, Phoenicia, Tunisia&lt;/td&gt;
            &lt;/tr&gt;
            &lt;tr&gt;
              &lt;td&gt;ID&lt;/td&gt;
              &lt;td&gt;brill_awdl000026&lt;/td&gt;
            &lt;/tr&gt;
          &lt;/table&gt;
        &lt;/div&gt;
</description>
      <Point>
        <coordinates>21.5679943702924,39.5638021474972,0</coordinates>
      </Point>
    </Placemark>
    <Placemark id="brill_awdl000027">
      <styleUrl>#redpin</styleUrl>
      <name>The care of the elderly in the Ancient Near East</name>
      <description>
        &lt;div&gt;&lt;/div&gt;
        &lt;div&gt;
          &lt;table&gt;
            &lt;tr&gt;
              &lt;td&gt;Title&lt;/td&gt;
              &lt;td&gt;&lt;a href="http://hdl.handle.net/2333.1/dz08krk1"&gt;The care of the elderly in the Ancient Near East&lt;/a&gt;&lt;/td&gt;
            &lt;/tr&gt;
            &lt;tr&gt;
              &lt;td&gt;Subtitle&lt;/td&gt;
              &lt;td&gt;&lt;/td&gt;
            &lt;/tr&gt;
            &lt;tr&gt;
              &lt;td&gt;Author&lt;/td&gt;
              &lt;td&gt;Stol, Marten. - Vleeming, S. P.&lt;/td&gt;
            &lt;/tr&gt;
            &lt;tr&gt;
              &lt;td&gt;Publisher&lt;/td&gt;
              &lt;td&gt;Brill, Leiden, 1998&lt;/td&gt;
            &lt;/tr&gt;
            &lt;tr&gt;
              &lt;td&gt;Language&lt;/td&gt;
              &lt;td&gt;English&lt;/td&gt;
            &lt;/tr&gt;
            &lt;tr&gt;
              &lt;td&gt;Call Number&lt;/td&gt;
              &lt;td&gt;KMC181 .C37 1998&lt;/td&gt;
            &lt;/tr&gt;
            &lt;tr&gt;
              &lt;td&gt;Geo Subject&lt;/td&gt;
              &lt;td&gt;Middle East&lt;/td&gt;
            &lt;/tr&gt;
            &lt;tr&gt;
              &lt;td&gt;ID&lt;/td&gt;
              &lt;td&gt;brill_awdl000027&lt;/td&gt;
            &lt;/tr&gt;
          &lt;/table&gt;
        &lt;/div&gt;
</description>
      <Point>
        <coordinates>42.5770207312257,29.2837715771445,0</coordinates>
      </Point>
    </Placemark>
    <Placemark id="brill_awdl000028">
      <styleUrl>#redpin</styleUrl>
      <name>Die Liebe in der altorientalischen Dichtung</name>
      <description>
        &lt;div&gt;&lt;/div&gt;
        &lt;div&gt;
          &lt;table&gt;
            &lt;tr&gt;
              &lt;td&gt;Title&lt;/td&gt;
              &lt;td&gt;&lt;a href="http://hdl.handle.net/2333.1/98sf7nsq"&gt;Die Liebe in der altorientalischen Dichtung&lt;/a&gt;&lt;/td&gt;
            &lt;/tr&gt;
            &lt;tr&gt;
              &lt;td&gt;Subtitle&lt;/td&gt;
              &lt;td&gt;&lt;/td&gt;
            &lt;/tr&gt;
            &lt;tr&gt;
              &lt;td&gt;Author&lt;/td&gt;
              &lt;td&gt;Musche, Brigitte.&lt;/td&gt;
            &lt;/tr&gt;
            &lt;tr&gt;
              &lt;td&gt;Publisher&lt;/td&gt;
              &lt;td&gt;Brill, Leidein, 1999&lt;/td&gt;
            &lt;/tr&gt;
            &lt;tr&gt;
              &lt;td&gt;Language&lt;/td&gt;
              &lt;td&gt;German&lt;/td&gt;
            &lt;/tr&gt;
            &lt;tr&gt;
              &lt;td&gt;Call Number&lt;/td&gt;
              &lt;td&gt;PJ327 .M8 1999&lt;/td&gt;
            &lt;/tr&gt;
            &lt;tr&gt;
              &lt;td&gt;Geo Subject&lt;/td&gt;
              &lt;td&gt;Middle East&lt;/td&gt;
            &lt;/tr&gt;
            &lt;tr&gt;
              &lt;td&gt;ID&lt;/td&gt;
              &lt;td&gt;brill_awdl000028&lt;/td&gt;
            &lt;/tr&gt;
          &lt;/table&gt;
        &lt;/div&gt;
</description>
      <Point>
        <coordinates>42.5156496066122,29.3304219212196,0</coordinates>
      </Point>
    </Placemark>
    <Placemark id="brill_awdl000029">
      <styleUrl>#redpin</styleUrl>
      <name>Early history of the Israelite people</name>
      <description>
        &lt;div&gt;&lt;/div&gt;
        &lt;div&gt;
          &lt;table&gt;
            &lt;tr&gt;
              &lt;td&gt;Title&lt;/td&gt;
              &lt;td&gt;&lt;a href="http://hdl.handle.net/2333.1/5hqbzn8f"&gt;Early history of the Israelite people&lt;/a&gt;&lt;/td&gt;
            &lt;/tr&gt;
            &lt;tr&gt;
              &lt;td&gt;Subtitle&lt;/td&gt;
              &lt;td&gt;from the written and archaeological sources&lt;/td&gt;
            &lt;/tr&gt;
            &lt;tr&gt;
              &lt;td&gt;Author&lt;/td&gt;
              &lt;td&gt;Thompson, Thomas L.&lt;/td&gt;
            &lt;/tr&gt;
            &lt;tr&gt;
              &lt;td&gt;Publisher&lt;/td&gt;
              &lt;td&gt;Brill, Leiden, 1992&lt;/td&gt;
            &lt;/tr&gt;
            &lt;tr&gt;
              &lt;td&gt;Language&lt;/td&gt;
              &lt;td&gt;English&lt;/td&gt;
            &lt;/tr&gt;
            &lt;tr&gt;
              &lt;td&gt;Call Number&lt;/td&gt;
              &lt;td&gt;DS121 .T48 1992&lt;/td&gt;
            &lt;/tr&gt;
            &lt;tr&gt;
              &lt;td&gt;Geo Subject&lt;/td&gt;
              &lt;td&gt;Palestine, Palesting&lt;/td&gt;
            &lt;/tr&gt;
            &lt;tr&gt;
              &lt;td&gt;ID&lt;/td&gt;
              &lt;td&gt;brill_awdl000029&lt;/td&gt;
            &lt;/tr&gt;
          &lt;/table&gt;
        &lt;/div&gt;
</description>
      <Point>
        <coordinates>35.299049853551,31.9909177871148,0</coordinates>
      </Point>
    </Placemark>
    <Placemark id="brill_awdl000033">
      <styleUrl>#redpin</styleUrl>
      <name>The laws of Eshnunna</name>
      <description>
        &lt;div&gt;&lt;/div&gt;
        &lt;div&gt;
          &lt;table&gt;
            &lt;tr&gt;
              &lt;td&gt;Title&lt;/td&gt;
              &lt;td&gt;&lt;a href="http://hdl.handle.net/2333.1/ngf1vkbb"&gt;The laws of Eshnunna&lt;/a&gt;&lt;/td&gt;
            &lt;/tr&gt;
            &lt;tr&gt;
              &lt;td&gt;Subtitle&lt;/td&gt;
              &lt;td&gt;&lt;/td&gt;
            &lt;/tr&gt;
            &lt;tr&gt;
              &lt;td&gt;Author&lt;/td&gt;
              &lt;td&gt;Yaron, Reuven, 1924-&lt;/td&gt;
            &lt;/tr&gt;
            &lt;tr&gt;
              &lt;td&gt;Publisher&lt;/td&gt;
              &lt;td&gt;Magnes Press, Hebrew University, Jerusalem, 1988&lt;/td&gt;
            &lt;/tr&gt;
            &lt;tr&gt;
              &lt;td&gt;Language&lt;/td&gt;
              &lt;td&gt;English&lt;/td&gt;
            &lt;/tr&gt;
            &lt;tr&gt;
              &lt;td&gt;Call Number&lt;/td&gt;
              &lt;td&gt;KL1015.E83 Y37 1988&lt;/td&gt;
            &lt;/tr&gt;
            &lt;tr&gt;
              &lt;td&gt;Geo Subject&lt;/td&gt;
              &lt;td&gt;Eshnunna, Iraq&lt;/td&gt;
            &lt;/tr&gt;
            &lt;tr&gt;
              &lt;td&gt;ID&lt;/td&gt;
              &lt;td&gt;brill_awdl000033&lt;/td&gt;
            &lt;/tr&gt;
          &lt;/table&gt;
        &lt;/div&gt;
</description>
      <Point>
        <coordinates>45.1965722971566,32.4127894240461,0</coordinates>
      </Point>
    </Placemark>
    <Placemark id="brill_awdl000034">
      <styleUrl>#redpin</styleUrl>
      <name>The Balaam text from Deir &#x2BB;Alla re-evaluated</name>
      <description>
        &lt;div&gt;&lt;/div&gt;
        &lt;div&gt;
          &lt;table&gt;
            &lt;tr&gt;
              &lt;td&gt;Title&lt;/td&gt;
              &lt;td&gt;&lt;a href="http://hdl.handle.net/2333.1/hqbzkjv4"&gt;The Balaam text from Deir &#x2BB;Alla re-evaluated&lt;/a&gt;&lt;/td&gt;
            &lt;/tr&gt;
            &lt;tr&gt;
              &lt;td&gt;Subtitle&lt;/td&gt;
              &lt;td&gt;proceedings of the international symposium held at Leiden, 21-24 August 1989&lt;/td&gt;
            &lt;/tr&gt;
            &lt;tr&gt;
              &lt;td&gt;Author&lt;/td&gt;
              &lt;td&gt;Kooij, G. van der. - Hoftijzer, J. (Jacob)&lt;/td&gt;
            &lt;/tr&gt;
            &lt;tr&gt;
              &lt;td&gt;Publisher&lt;/td&gt;
              &lt;td&gt;E.J. Brill, Leiden, 1991&lt;/td&gt;
            &lt;/tr&gt;
            &lt;tr&gt;
              &lt;td&gt;Language&lt;/td&gt;
              &lt;td&gt;English&lt;/td&gt;
            &lt;/tr&gt;
            &lt;tr&gt;
              &lt;td&gt;Call Number&lt;/td&gt;
              &lt;td&gt;PJ5209 .B35 1991&lt;/td&gt;
            &lt;/tr&gt;
            &lt;tr&gt;
              &lt;td&gt;Geo Subject&lt;/td&gt;
              &lt;td&gt;Dayr &#x2BB;All&#x101;, Tall, Jordan&lt;/td&gt;
            &lt;/tr&gt;
            &lt;tr&gt;
              &lt;td&gt;ID&lt;/td&gt;
              &lt;td&gt;brill_awdl000034&lt;/td&gt;
            &lt;/tr&gt;
          &lt;/table&gt;
        &lt;/div&gt;
</description>
      <Point>
        <coordinates>36.4344588618559,30.7045497965234,0</coordinates>
      </Point>
    </Placemark>
    <Placemark id="brill_awdl000035">
      <styleUrl>#redpin</styleUrl>
      <name>The Harappan civilization and its writing</name>
      <description>
        &lt;div&gt;&lt;/div&gt;
        &lt;div&gt;
          &lt;table&gt;
            &lt;tr&gt;
              &lt;td&gt;Title&lt;/td&gt;
              &lt;td&gt;&lt;a href="http://hdl.handle.net/2333.1/d2547g3f"&gt;The Harappan civilization and its writing&lt;/a&gt;&lt;/td&gt;
            &lt;/tr&gt;
            &lt;tr&gt;
              &lt;td&gt;Subtitle&lt;/td&gt;
              &lt;td&gt;a model for the decipherment of the Indus script&lt;/td&gt;
            &lt;/tr&gt;
            &lt;tr&gt;
              &lt;td&gt;Author&lt;/td&gt;
              &lt;td&gt;Fairservis, Walter Ashlin, 1921-1994&lt;/td&gt;
            &lt;/tr&gt;
            &lt;tr&gt;
              &lt;td&gt;Publisher&lt;/td&gt;
              &lt;td&gt;E.J. Brill, Leiden, 1992&lt;/td&gt;
            &lt;/tr&gt;
            &lt;tr&gt;
              &lt;td&gt;Language&lt;/td&gt;
              &lt;td&gt;English&lt;/td&gt;
            &lt;/tr&gt;
            &lt;tr&gt;
              &lt;td&gt;Call Number&lt;/td&gt;
              &lt;td&gt;PK119.5 .F34 1992&lt;/td&gt;
            &lt;/tr&gt;
            &lt;tr&gt;
              &lt;td&gt;Geo Subject&lt;/td&gt;
              &lt;td&gt;India&lt;/td&gt;
            &lt;/tr&gt;
            &lt;tr&gt;
              &lt;td&gt;ID&lt;/td&gt;
              &lt;td&gt;brill_awdl000035&lt;/td&gt;
            &lt;/tr&gt;
          &lt;/table&gt;
        &lt;/div&gt;
</description>
      <Point>
        <coordinates>77.3032066028561,22.9363671613564,0</coordinates>
      </Point>
    </Placemark>
    <Placemark id="brill_awdl000045">
      <styleUrl>#redpin</styleUrl>
      <name>All those nations</name>
      <description>
        &lt;div&gt;&lt;/div&gt;
        &lt;div&gt;
          &lt;table&gt;
            &lt;tr&gt;
              &lt;td&gt;Title&lt;/td&gt;
              &lt;td&gt;&lt;a href="http://hdl.handle.net/2333.1/79cnp78f"&gt;All those nations&lt;/a&gt;&lt;/td&gt;
            &lt;/tr&gt;
            &lt;tr&gt;
              &lt;td&gt;Subtitle&lt;/td&gt;
              &lt;td&gt;cultural encounters within and with the Near East : studies presented to Hans Drijvers at the occasion of his sixty-fifth birthday by colleagues and students&lt;/td&gt;
            &lt;/tr&gt;
            &lt;tr&gt;
              &lt;td&gt;Author&lt;/td&gt;
              &lt;td&gt;Drijvers, H. J. W. - Vanstiphout, H. L. J. (Herman L. J.) - Bekkum, Wout Jac. van. - Gelder, G. J. H. van. - Reinink, G. J.&lt;/td&gt;
            &lt;/tr&gt;
            &lt;tr&gt;
              &lt;td&gt;Publisher&lt;/td&gt;
              &lt;td&gt;STYX Publications, Groningen, 1999&lt;/td&gt;
            &lt;/tr&gt;
            &lt;tr&gt;
              &lt;td&gt;Language&lt;/td&gt;
              &lt;td&gt;English&lt;/td&gt;
            &lt;/tr&gt;
            &lt;tr&gt;
              &lt;td&gt;Call Number&lt;/td&gt;
              &lt;td&gt;DS42.4 .A59 1999&lt;/td&gt;
            &lt;/tr&gt;
            &lt;tr&gt;
              &lt;td&gt;Geo Subject&lt;/td&gt;
              &lt;td&gt;Middle East&lt;/td&gt;
            &lt;/tr&gt;
            &lt;tr&gt;
              &lt;td&gt;ID&lt;/td&gt;
              &lt;td&gt;brill_awdl000045&lt;/td&gt;
            &lt;/tr&gt;
          &lt;/table&gt;
        &lt;/div&gt;
</description>
      <Point>
        <coordinates>42.5888809358581,29.3208248090375,0</coordinates>
      </Point>
    </Placemark>
    <Placemark id="brill_awdl000047">
      <styleUrl>#redpin</styleUrl>
      <name>Birth in Babylonia and the Bible</name>
      <description>
        &lt;div&gt;&lt;/div&gt;
        &lt;div&gt;
          &lt;table&gt;
            &lt;tr&gt;
              &lt;td&gt;Title&lt;/td&gt;
              &lt;td&gt;&lt;a href="http://hdl.handle.net/2333.1/zs7h46d5"&gt;Birth in Babylonia and the Bible&lt;/a&gt;&lt;/td&gt;
            &lt;/tr&gt;
            &lt;tr&gt;
              &lt;td&gt;Subtitle&lt;/td&gt;
              &lt;td&gt;its Mediterranean setting&lt;/td&gt;
            &lt;/tr&gt;
            &lt;tr&gt;
              &lt;td&gt;Author&lt;/td&gt;
              &lt;td&gt;Stol, Marten. - Wiggermann, F. A. M.&lt;/td&gt;
            &lt;/tr&gt;
            &lt;tr&gt;
              &lt;td&gt;Publisher&lt;/td&gt;
              &lt;td&gt;Styx, Groningen, 2000&lt;/td&gt;
            &lt;/tr&gt;
            &lt;tr&gt;
              &lt;td&gt;Language&lt;/td&gt;
              &lt;td&gt;English&lt;/td&gt;
            &lt;/tr&gt;
            &lt;tr&gt;
              &lt;td&gt;Call Number&lt;/td&gt;
              &lt;td&gt;DS70.7 .S86 2000&lt;/td&gt;
            &lt;/tr&gt;
            &lt;tr&gt;
              &lt;td&gt;Geo Subject&lt;/td&gt;
              &lt;td&gt;Babylonia, Iraq&lt;/td&gt;
            &lt;/tr&gt;
            &lt;tr&gt;
              &lt;td&gt;ID&lt;/td&gt;
              &lt;td&gt;brill_awdl000047&lt;/td&gt;
            &lt;/tr&gt;
          &lt;/table&gt;
        &lt;/div&gt;
</description>
      <Point>
        <coordinates>43.7453070945797,33.3861494791768,0</coordinates>
      </Point>
    </Placemark>
    <Placemark id="brill_awdl000048">
      <styleUrl>#redpin</styleUrl>
      <name>Gudea's temple building</name>
      <description>
        &lt;div&gt;&lt;/div&gt;
        &lt;div&gt;
          &lt;table&gt;
            &lt;tr&gt;
              &lt;td&gt;Title&lt;/td&gt;
              &lt;td&gt;&lt;a href="http://hdl.handle.net/2333.1/v15dv5xz"&gt;Gudea's temple building&lt;/a&gt;&lt;/td&gt;
            &lt;/tr&gt;
            &lt;tr&gt;
              &lt;td&gt;Subtitle&lt;/td&gt;
              &lt;td&gt;the representation of an early Mesopotamian ruler in text and image&lt;/td&gt;
            &lt;/tr&gt;
            &lt;tr&gt;
              &lt;td&gt;Author&lt;/td&gt;
              &lt;td&gt;Suter, Claudia E.&lt;/td&gt;
            &lt;/tr&gt;
            &lt;tr&gt;
              &lt;td&gt;Publisher&lt;/td&gt;
              &lt;td&gt;STYX publications, Groningen, 2000&lt;/td&gt;
            &lt;/tr&gt;
            &lt;tr&gt;
              &lt;td&gt;Language&lt;/td&gt;
              &lt;td&gt;English&lt;/td&gt;
            &lt;/tr&gt;
            &lt;tr&gt;
              &lt;td&gt;Call Number&lt;/td&gt;
              &lt;td&gt;PJ4027 .S88 2000&lt;/td&gt;
            &lt;/tr&gt;
            &lt;tr&gt;
              &lt;td&gt;Geo Subject&lt;/td&gt;
              &lt;td&gt;Iraq, Lagash (Extinct city)&lt;/td&gt;
            &lt;/tr&gt;
            &lt;tr&gt;
              &lt;td&gt;ID&lt;/td&gt;
              &lt;td&gt;brill_awdl000048&lt;/td&gt;
            &lt;/tr&gt;
          &lt;/table&gt;
        &lt;/div&gt;
</description>
      <Point>
        <coordinates>43.0372996109281,33.1751267066081,0</coordinates>
      </Point>
    </Placemark>
    <Placemark id="brill_awdl000049">
      <styleUrl>#redpin</styleUrl>
      <name>Das Egibi-Archiv</name>
      <description>
        &lt;div&gt;&lt;/div&gt;
        &lt;div&gt;
          &lt;table&gt;
            &lt;tr&gt;
              &lt;td&gt;Title&lt;/td&gt;
              &lt;td&gt;&lt;a href="http://hdl.handle.net/2333.1/q83bk5f2"&gt;Das Egibi-Archiv&lt;/a&gt;&lt;/td&gt;
            &lt;/tr&gt;
            &lt;tr&gt;
              &lt;td&gt;Subtitle&lt;/td&gt;
              &lt;td&gt;&lt;/td&gt;
            &lt;/tr&gt;
            &lt;tr&gt;
              &lt;td&gt;Author&lt;/td&gt;
              &lt;td&gt;Wunsch, Cornelia.&lt;/td&gt;
            &lt;/tr&gt;
            &lt;tr&gt;
              &lt;td&gt;Publisher&lt;/td&gt;
              &lt;td&gt;Styx Publications, Groningen, 2000&lt;/td&gt;
            &lt;/tr&gt;
            &lt;tr&gt;
              &lt;td&gt;Language&lt;/td&gt;
              &lt;td&gt;German&lt;/td&gt;
            &lt;/tr&gt;
            &lt;tr&gt;
              &lt;td&gt;Call Number&lt;/td&gt;
              &lt;td&gt;PJ3870 .E443 2000&lt;/td&gt;
            &lt;/tr&gt;
            &lt;tr&gt;
              &lt;td&gt;Geo Subject&lt;/td&gt;
              &lt;td&gt;Babylonia, Iraq&lt;/td&gt;
            &lt;/tr&gt;
            &lt;tr&gt;
              &lt;td&gt;ID&lt;/td&gt;
              &lt;td&gt;brill_awdl000049&lt;/td&gt;
            &lt;/tr&gt;
          &lt;/table&gt;
        &lt;/div&gt;
</description>
      <Point>
        <coordinates>45.2691880704803,32.5968603936128,0</coordinates>
      </Point>
    </Placemark>
    <Placemark id="brill_awdl000050">
      <styleUrl>#redpin</styleUrl>
      <name>Das Egibi-Archiv</name>
      <description>
        &lt;div&gt;&lt;/div&gt;
        &lt;div&gt;
          &lt;table&gt;
            &lt;tr&gt;
              &lt;td&gt;Title&lt;/td&gt;
              &lt;td&gt;&lt;a href="http://hdl.handle.net/2333.1/kkwh72mg"&gt;Das Egibi-Archiv&lt;/a&gt;&lt;/td&gt;
            &lt;/tr&gt;
            &lt;tr&gt;
              &lt;td&gt;Subtitle&lt;/td&gt;
              &lt;td&gt;&lt;/td&gt;
            &lt;/tr&gt;
            &lt;tr&gt;
              &lt;td&gt;Author&lt;/td&gt;
              &lt;td&gt;Wunsch, Cornelia.&lt;/td&gt;
            &lt;/tr&gt;
            &lt;tr&gt;
              &lt;td&gt;Publisher&lt;/td&gt;
              &lt;td&gt;Styx Publications, Groningen, 2000&lt;/td&gt;
            &lt;/tr&gt;
            &lt;tr&gt;
              &lt;td&gt;Language&lt;/td&gt;
              &lt;td&gt;German&lt;/td&gt;
            &lt;/tr&gt;
            &lt;tr&gt;
              &lt;td&gt;Call Number&lt;/td&gt;
              &lt;td&gt;PJ3870 .E443 2000&lt;/td&gt;
            &lt;/tr&gt;
            &lt;tr&gt;
              &lt;td&gt;Geo Subject&lt;/td&gt;
              &lt;td&gt;Babylonia, Iraq&lt;/td&gt;
            &lt;/tr&gt;
            &lt;tr&gt;
              &lt;td&gt;ID&lt;/td&gt;
              &lt;td&gt;brill_awdl000050&lt;/td&gt;
            &lt;/tr&gt;
          &lt;/table&gt;
        &lt;/div&gt;
</description>
      <Point>
        <coordinates>45.3595441392349,33.1492657362283,0</coordinates>
      </Point>
    </Placemark>
    <Placemark id="brill_awdl000053">
      <styleUrl>#redpin</styleUrl>
      <name>The monuments of Seti I</name>
      <description>
        &lt;div&gt;&lt;/div&gt;
        &lt;div&gt;
          &lt;table&gt;
            &lt;tr&gt;
              &lt;td&gt;Title&lt;/td&gt;
              &lt;td&gt;&lt;a href="http://hdl.handle.net/2333.1/69p8d11h"&gt;The monuments of Seti I&lt;/a&gt;&lt;/td&gt;
            &lt;/tr&gt;
            &lt;tr&gt;
              &lt;td&gt;Subtitle&lt;/td&gt;
              &lt;td&gt;epigraphic, historical, and art historical analysis&lt;/td&gt;
            &lt;/tr&gt;
            &lt;tr&gt;
              &lt;td&gt;Author&lt;/td&gt;
              &lt;td&gt;Brand, Peter James.&lt;/td&gt;
            &lt;/tr&gt;
            &lt;tr&gt;
              &lt;td&gt;Publisher&lt;/td&gt;
              &lt;td&gt;Brill, Leiden, 2000&lt;/td&gt;
            &lt;/tr&gt;
            &lt;tr&gt;
              &lt;td&gt;Language&lt;/td&gt;
              &lt;td&gt;English&lt;/td&gt;
            &lt;/tr&gt;
            &lt;tr&gt;
              &lt;td&gt;Call Number&lt;/td&gt;
              &lt;td&gt;DT87 .B73 2000&lt;/td&gt;
            &lt;/tr&gt;
            &lt;tr&gt;
              &lt;td&gt;Geo Subject&lt;/td&gt;
              &lt;td&gt;Egypt&lt;/td&gt;
            &lt;/tr&gt;
            &lt;tr&gt;
              &lt;td&gt;ID&lt;/td&gt;
              &lt;td&gt;brill_awdl000053&lt;/td&gt;
            &lt;/tr&gt;
          &lt;/table&gt;
        &lt;/div&gt;
</description>
      <Point>
        <coordinates>30.7340752429874,27.5353529743018,0</coordinates>
      </Point>
    </Placemark>
    <Placemark id="brill_awdl000054">
      <styleUrl>#redpin</styleUrl>
      <name>Der Tempel von Jerusalem, von Salomo bis Herodes</name>
      <description>
        &lt;div&gt;&lt;/div&gt;
        &lt;div&gt;
          &lt;table&gt;
            &lt;tr&gt;
              &lt;td&gt;Title&lt;/td&gt;
              &lt;td&gt;&lt;a href="http://hdl.handle.net/2333.1/2jm640h5"&gt;Der Tempel von Jerusalem, von Salomo bis Herodes&lt;/a&gt;&lt;/td&gt;
            &lt;/tr&gt;
            &lt;tr&gt;
              &lt;td&gt;Subtitle&lt;/td&gt;
              &lt;td&gt;eine arch&#xE4;ologisch-historische Studie unter Ber&#xFC;cksichtigung des westsemitischen Tempelbaus&lt;/td&gt;
            &lt;/tr&gt;
            &lt;tr&gt;
              &lt;td&gt;Author&lt;/td&gt;
              &lt;td&gt;Busink, Th. A.&lt;/td&gt;
            &lt;/tr&gt;
            &lt;tr&gt;
              &lt;td&gt;Publisher&lt;/td&gt;
              &lt;td&gt;Brill, Leiden, 1970&lt;/td&gt;
            &lt;/tr&gt;
            &lt;tr&gt;
              &lt;td&gt;Language&lt;/td&gt;
              &lt;td&gt;German&lt;/td&gt;
            &lt;/tr&gt;
            &lt;tr&gt;
              &lt;td&gt;Call Number&lt;/td&gt;
              &lt;td&gt;NA243 .B8 1970&lt;/td&gt;
            &lt;/tr&gt;
            &lt;tr&gt;
              &lt;td&gt;Geo Subject&lt;/td&gt;
              &lt;td&gt;Middle East&lt;/td&gt;
            &lt;/tr&gt;
            &lt;tr&gt;
              &lt;td&gt;ID&lt;/td&gt;
              &lt;td&gt;brill_awdl000054&lt;/td&gt;
            &lt;/tr&gt;
          &lt;/table&gt;
        &lt;/div&gt;
</description>
      <Point>
        <coordinates>42.5414363024691,29.3311135916471,0</coordinates>
      </Point>
    </Placemark>
    <Placemark id="brill_awdl000056">
      <styleUrl>#redpin</styleUrl>
      <name>The age of Solomon</name>
      <description>
        &lt;div&gt;&lt;/div&gt;
        &lt;div&gt;
          &lt;table&gt;
            &lt;tr&gt;
              &lt;td&gt;Title&lt;/td&gt;
              &lt;td&gt;&lt;a href="http://hdl.handle.net/2333.1/xsj3v06b"&gt;The age of Solomon&lt;/a&gt;&lt;/td&gt;
            &lt;/tr&gt;
            &lt;tr&gt;
              &lt;td&gt;Subtitle&lt;/td&gt;
              &lt;td&gt;scholarship at the turn of the millennium&lt;/td&gt;
            &lt;/tr&gt;
            &lt;tr&gt;
              &lt;td&gt;Author&lt;/td&gt;
              &lt;td&gt;Handy, Lowell K., 1949-&lt;/td&gt;
            &lt;/tr&gt;
            &lt;tr&gt;
              &lt;td&gt;Publisher&lt;/td&gt;
              &lt;td&gt;Brill, Leiden, 1997&lt;/td&gt;
            &lt;/tr&gt;
            &lt;tr&gt;
              &lt;td&gt;Language&lt;/td&gt;
              &lt;td&gt;English&lt;/td&gt;
            &lt;/tr&gt;
            &lt;tr&gt;
              &lt;td&gt;Call Number&lt;/td&gt;
              &lt;td&gt;BS580.S6 A34 1997&lt;/td&gt;
            &lt;/tr&gt;
            &lt;tr&gt;
              &lt;td&gt;Geo Subject&lt;/td&gt;
              &lt;td&gt;Middle East&lt;/td&gt;
            &lt;/tr&gt;
            &lt;tr&gt;
              &lt;td&gt;ID&lt;/td&gt;
              &lt;td&gt;brill_awdl000056&lt;/td&gt;
            &lt;/tr&gt;
          &lt;/table&gt;
        &lt;/div&gt;
</description>
      <Point>
        <coordinates>42.5106841660743,29.3035284435631,0</coordinates>
      </Point>
    </Placemark>
    <Placemark id="brill_awdl000058">
      <styleUrl>#redpin</styleUrl>
      <name>The fall of Samaria</name>
      <description>
        &lt;div&gt;&lt;/div&gt;
        &lt;div&gt;
          &lt;table&gt;
            &lt;tr&gt;
              &lt;td&gt;Title&lt;/td&gt;
              &lt;td&gt;&lt;a href="http://hdl.handle.net/2333.1/pc866vxt"&gt;The fall of Samaria&lt;/a&gt;&lt;/td&gt;
            &lt;/tr&gt;
            &lt;tr&gt;
              &lt;td&gt;Subtitle&lt;/td&gt;
              &lt;td&gt;an historical and archaeological study&lt;/td&gt;
            &lt;/tr&gt;
            &lt;tr&gt;
              &lt;td&gt;Author&lt;/td&gt;
              &lt;td&gt;Becking, Bob.&lt;/td&gt;
            &lt;/tr&gt;
            &lt;tr&gt;
              &lt;td&gt;Publisher&lt;/td&gt;
              &lt;td&gt;E.J. Brill, Leiden, 1992&lt;/td&gt;
            &lt;/tr&gt;
            &lt;tr&gt;
              &lt;td&gt;Language&lt;/td&gt;
              &lt;td&gt;English&lt;/td&gt;
            &lt;/tr&gt;
            &lt;tr&gt;
              &lt;td&gt;Call Number&lt;/td&gt;
              &lt;td&gt;DS121.6 .B43 1992&lt;/td&gt;
            &lt;/tr&gt;
            &lt;tr&gt;
              &lt;td&gt;Geo Subject&lt;/td&gt;
              &lt;td&gt;Assyria, Samaria (West Bank : Region)&lt;/td&gt;
            &lt;/tr&gt;
            &lt;tr&gt;
              &lt;td&gt;ID&lt;/td&gt;
              &lt;td&gt;brill_awdl000058&lt;/td&gt;
            &lt;/tr&gt;
          &lt;/table&gt;
        &lt;/div&gt;
</description>
      <Point>
        <coordinates>35.3061077721734,31.9418878310657,0</coordinates>
      </Point>
    </Placemark>
    <Placemark id="brill_awdl000059">
      <styleUrl>#redpin</styleUrl>
      <name>Ancient Ammon</name>
      <description>
        &lt;div&gt;&lt;/div&gt;
        &lt;div&gt;
          &lt;table&gt;
            &lt;tr&gt;
              &lt;td&gt;Title&lt;/td&gt;
              &lt;td&gt;&lt;a href="http://hdl.handle.net/2333.1/jm63xvdj"&gt;Ancient Ammon&lt;/a&gt;&lt;/td&gt;
            &lt;/tr&gt;
            &lt;tr&gt;
              &lt;td&gt;Subtitle&lt;/td&gt;
              &lt;td&gt;&lt;/td&gt;
            &lt;/tr&gt;
            &lt;tr&gt;
              &lt;td&gt;Author&lt;/td&gt;
              &lt;td&gt;MacDonald, Burton, 1939- - Younker, Randall W.&lt;/td&gt;
            &lt;/tr&gt;
            &lt;tr&gt;
              &lt;td&gt;Publisher&lt;/td&gt;
              &lt;td&gt;Brill, Leiden, 1999&lt;/td&gt;
            &lt;/tr&gt;
            &lt;tr&gt;
              &lt;td&gt;Language&lt;/td&gt;
              &lt;td&gt;English&lt;/td&gt;
            &lt;/tr&gt;
            &lt;tr&gt;
              &lt;td&gt;Call Number&lt;/td&gt;
              &lt;td&gt;DS154.215 .A53 1999&lt;/td&gt;
            &lt;/tr&gt;
            &lt;tr&gt;
              &lt;td&gt;Geo Subject&lt;/td&gt;
              &lt;td&gt;Jordan&lt;/td&gt;
            &lt;/tr&gt;
            &lt;tr&gt;
              &lt;td&gt;ID&lt;/td&gt;
              &lt;td&gt;brill_awdl000059&lt;/td&gt;
            &lt;/tr&gt;
          &lt;/table&gt;
        &lt;/div&gt;
</description>
      <Point>
        <coordinates>36.6920391122744,31.0039207199469,0</coordinates>
      </Point>
    </Placemark>
    <Placemark id="brill_awdl000060">
      <styleUrl>#redpin</styleUrl>
      <name>Early history of the Israelite people</name>
      <description>
        &lt;div&gt;&lt;/div&gt;
        &lt;div&gt;
          &lt;table&gt;
            &lt;tr&gt;
              &lt;td&gt;Title&lt;/td&gt;
              &lt;td&gt;&lt;a href="http://hdl.handle.net/2333.1/dv41ntvz"&gt;Early history of the Israelite people&lt;/a&gt;&lt;/td&gt;
            &lt;/tr&gt;
            &lt;tr&gt;
              &lt;td&gt;Subtitle&lt;/td&gt;
              &lt;td&gt;from the written &amp; archaeological sources&lt;/td&gt;
            &lt;/tr&gt;
            &lt;tr&gt;
              &lt;td&gt;Author&lt;/td&gt;
              &lt;td&gt;Thompson, Thomas L., 1939-&lt;/td&gt;
            &lt;/tr&gt;
            &lt;tr&gt;
              &lt;td&gt;Publisher&lt;/td&gt;
              &lt;td&gt;Brill, Leiden, 2000&lt;/td&gt;
            &lt;/tr&gt;
            &lt;tr&gt;
              &lt;td&gt;Language&lt;/td&gt;
              &lt;td&gt;English&lt;/td&gt;
            &lt;/tr&gt;
            &lt;tr&gt;
              &lt;td&gt;Call Number&lt;/td&gt;
              &lt;td&gt;DS121 .T48 2000&lt;/td&gt;
            &lt;/tr&gt;
            &lt;tr&gt;
              &lt;td&gt;Geo Subject&lt;/td&gt;
              &lt;td&gt;Palestine&lt;/td&gt;
            &lt;/tr&gt;
            &lt;tr&gt;
              &lt;td&gt;ID&lt;/td&gt;
              &lt;td&gt;brill_awdl000060&lt;/td&gt;
            &lt;/tr&gt;
          &lt;/table&gt;
        &lt;/div&gt;
</description>
      <Point>
        <coordinates>35.2373407045352,31.9470561874386,0</coordinates>
      </Point>
    </Placemark>
    <Placemark id="brill_awdl000061">
      <styleUrl>#redpin</styleUrl>
      <name>Family religion in Babylonia, Syria and Israel</name>
      <description>
        &lt;div&gt;&lt;/div&gt;
        &lt;div&gt;
          &lt;table&gt;
            &lt;tr&gt;
              &lt;td&gt;Title&lt;/td&gt;
              &lt;td&gt;&lt;a href="http://hdl.handle.net/2333.1/931zctbr"&gt;Family religion in Babylonia, Syria and Israel&lt;/a&gt;&lt;/td&gt;
            &lt;/tr&gt;
            &lt;tr&gt;
              &lt;td&gt;Subtitle&lt;/td&gt;
              &lt;td&gt;continuity and change in the forms of religious life&lt;/td&gt;
            &lt;/tr&gt;
            &lt;tr&gt;
              &lt;td&gt;Author&lt;/td&gt;
              &lt;td&gt;Toorn, K. van der.&lt;/td&gt;
            &lt;/tr&gt;
            &lt;tr&gt;
              &lt;td&gt;Publisher&lt;/td&gt;
              &lt;td&gt;E.J. Brill, Leiden, 1996&lt;/td&gt;
            &lt;/tr&gt;
            &lt;tr&gt;
              &lt;td&gt;Language&lt;/td&gt;
              &lt;td&gt;English&lt;/td&gt;
            &lt;/tr&gt;
            &lt;tr&gt;
              &lt;td&gt;Call Number&lt;/td&gt;
              &lt;td&gt;BL1625.F35 T66 1996&lt;/td&gt;
            &lt;/tr&gt;
            &lt;tr&gt;
              &lt;td&gt;Geo Subject&lt;/td&gt;
              &lt;td&gt;Babylonia, Iraq, Israel, Middle East, Syria, Ugarit (Extinct city)&lt;/td&gt;
            &lt;/tr&gt;
            &lt;tr&gt;
              &lt;td&gt;ID&lt;/td&gt;
              &lt;td&gt;brill_awdl000061&lt;/td&gt;
            &lt;/tr&gt;
          &lt;/table&gt;
        &lt;/div&gt;
</description>
      <Point>
        <coordinates>43.3571605190349,32.5780611375854,0</coordinates>
      </Point>
    </Placemark>
    <Placemark id="brill_awdl000062">
      <styleUrl>#redpin</styleUrl>
      <name>Magic and divination in ancient Palestine and Syria</name>
      <description>
        &lt;div&gt;&lt;/div&gt;
        &lt;div&gt;
          &lt;table&gt;
            &lt;tr&gt;
              &lt;td&gt;Title&lt;/td&gt;
              &lt;td&gt;&lt;a href="http://hdl.handle.net/2333.1/59zw3svk"&gt;Magic and divination in ancient Palestine and Syria&lt;/a&gt;&lt;/td&gt;
            &lt;/tr&gt;
            &lt;tr&gt;
              &lt;td&gt;Subtitle&lt;/td&gt;
              &lt;td&gt;&lt;/td&gt;
            &lt;/tr&gt;
            &lt;tr&gt;
              &lt;td&gt;Author&lt;/td&gt;
              &lt;td&gt;Jeffers, Ann.&lt;/td&gt;
            &lt;/tr&gt;
            &lt;tr&gt;
              &lt;td&gt;Publisher&lt;/td&gt;
              &lt;td&gt;E.J. Brill, Leiden, 1996&lt;/td&gt;
            &lt;/tr&gt;
            &lt;tr&gt;
              &lt;td&gt;Language&lt;/td&gt;
              &lt;td&gt;English&lt;/td&gt;
            &lt;/tr&gt;
            &lt;tr&gt;
              &lt;td&gt;Call Number&lt;/td&gt;
              &lt;td&gt;BF1591 .J44 1996&lt;/td&gt;
            &lt;/tr&gt;
            &lt;tr&gt;
              &lt;td&gt;Geo Subject&lt;/td&gt;
              &lt;td&gt;Middle East, Palestine, Syria&lt;/td&gt;
            &lt;/tr&gt;
            &lt;tr&gt;
              &lt;td&gt;ID&lt;/td&gt;
              &lt;td&gt;brill_awdl000062&lt;/td&gt;
            &lt;/tr&gt;
          &lt;/table&gt;
        &lt;/div&gt;
</description>
      <Point>
        <coordinates>35.2498020824088,31.9040525291358,0</coordinates>
      </Point>
    </Placemark>
    <Placemark id="brill_awdl000064">
      <styleUrl>#redpin</styleUrl>
      <name>A history of the Jews in Babylonia</name>
      <description>
        &lt;div&gt;&lt;/div&gt;
        &lt;div&gt;
          &lt;table&gt;
            &lt;tr&gt;
              &lt;td&gt;Title&lt;/td&gt;
              &lt;td&gt;&lt;a href="http://hdl.handle.net/2333.1/wwpzgpp0"&gt;A history of the Jews in Babylonia&lt;/a&gt;&lt;/td&gt;
            &lt;/tr&gt;
            &lt;tr&gt;
              &lt;td&gt;Subtitle&lt;/td&gt;
              &lt;td&gt;&lt;/td&gt;
            &lt;/tr&gt;
            &lt;tr&gt;
              &lt;td&gt;Author&lt;/td&gt;
              &lt;td&gt;Neusner, Jacob, 1932-&lt;/td&gt;
            &lt;/tr&gt;
            &lt;tr&gt;
              &lt;td&gt;Publisher&lt;/td&gt;
              &lt;td&gt;E.J. Brill, Leiden, 1965&lt;/td&gt;
            &lt;/tr&gt;
            &lt;tr&gt;
              &lt;td&gt;Language&lt;/td&gt;
              &lt;td&gt;English&lt;/td&gt;
            &lt;/tr&gt;
            &lt;tr&gt;
              &lt;td&gt;Call Number&lt;/td&gt;
              &lt;td&gt;DS135.B2 N42 1969&lt;/td&gt;
            &lt;/tr&gt;
            &lt;tr&gt;
              &lt;td&gt;Geo Subject&lt;/td&gt;
              &lt;td&gt;Babylonia, Iraq&lt;/td&gt;
            &lt;/tr&gt;
            &lt;tr&gt;
              &lt;td&gt;ID&lt;/td&gt;
              &lt;td&gt;brill_awdl000064&lt;/td&gt;
            &lt;/tr&gt;
          &lt;/table&gt;
        &lt;/div&gt;
</description>
      <Point>
        <coordinates>45.2203884197433,33.2688503691505,0</coordinates>
      </Point>
    </Placemark>
    <Placemark id="brill_awdl000065">
      <styleUrl>#redpin</styleUrl>
      <name>A history of the Jews in Babylonia</name>
      <description>
        &lt;div&gt;&lt;/div&gt;
        &lt;div&gt;
          &lt;table&gt;
            &lt;tr&gt;
              &lt;td&gt;Title&lt;/td&gt;
              &lt;td&gt;&lt;a href="http://hdl.handle.net/2333.1/s4mw6p64"&gt;A history of the Jews in Babylonia&lt;/a&gt;&lt;/td&gt;
            &lt;/tr&gt;
            &lt;tr&gt;
              &lt;td&gt;Subtitle&lt;/td&gt;
              &lt;td&gt;&lt;/td&gt;
            &lt;/tr&gt;
            &lt;tr&gt;
              &lt;td&gt;Author&lt;/td&gt;
              &lt;td&gt;Neusner, Jacob, 1932-&lt;/td&gt;
            &lt;/tr&gt;
            &lt;tr&gt;
              &lt;td&gt;Publisher&lt;/td&gt;
              &lt;td&gt;E.J. Brill, Leiden, 1965&lt;/td&gt;
            &lt;/tr&gt;
            &lt;tr&gt;
              &lt;td&gt;Language&lt;/td&gt;
              &lt;td&gt;English&lt;/td&gt;
            &lt;/tr&gt;
            &lt;tr&gt;
              &lt;td&gt;Call Number&lt;/td&gt;
              &lt;td&gt;DS135.B2 N42 1969&lt;/td&gt;
            &lt;/tr&gt;
            &lt;tr&gt;
              &lt;td&gt;Geo Subject&lt;/td&gt;
              &lt;td&gt;Babylonia, Iraq&lt;/td&gt;
            &lt;/tr&gt;
            &lt;tr&gt;
              &lt;td&gt;ID&lt;/td&gt;
              &lt;td&gt;brill_awdl000065&lt;/td&gt;
            &lt;/tr&gt;
          &lt;/table&gt;
        &lt;/div&gt;
</description>
      <Point>
        <coordinates>43.7946872733627,33.3527059828796,0</coordinates>
      </Point>
    </Placemark>
    <Placemark id="brill_awdl000067">
      <styleUrl>#redpin</styleUrl>
      <name>Ancient synagogues</name>
      <description>
        &lt;div&gt;&lt;/div&gt;
        &lt;div&gt;
          &lt;table&gt;
            &lt;tr&gt;
              &lt;td&gt;Title&lt;/td&gt;
              &lt;td&gt;&lt;a href="http://hdl.handle.net/2333.1/hmgqnn48"&gt;Ancient synagogues&lt;/a&gt;&lt;/td&gt;
            &lt;/tr&gt;
            &lt;tr&gt;
              &lt;td&gt;Subtitle&lt;/td&gt;
              &lt;td&gt;historical analysis and archaeological discovery&lt;/td&gt;
            &lt;/tr&gt;
            &lt;tr&gt;
              &lt;td&gt;Author&lt;/td&gt;
              &lt;td&gt;Urman, Dan. - Flesher, Paul Virgil McCracken.&lt;/td&gt;
            &lt;/tr&gt;
            &lt;tr&gt;
              &lt;td&gt;Publisher&lt;/td&gt;
              &lt;td&gt;E.J. Brill, Leiden, 1995&lt;/td&gt;
            &lt;/tr&gt;
            &lt;tr&gt;
              &lt;td&gt;Language&lt;/td&gt;
              &lt;td&gt;English&lt;/td&gt;
            &lt;/tr&gt;
            &lt;tr&gt;
              &lt;td&gt;Call Number&lt;/td&gt;
              &lt;td&gt;BM653 .A495 1995&lt;/td&gt;
            &lt;/tr&gt;
            &lt;tr&gt;
              &lt;td&gt;Geo Subject&lt;/td&gt;
              &lt;td&gt;Middle East, Palestine&lt;/td&gt;
            &lt;/tr&gt;
            &lt;tr&gt;
              &lt;td&gt;ID&lt;/td&gt;
              &lt;td&gt;brill_awdl000067&lt;/td&gt;
            &lt;/tr&gt;
          &lt;/table&gt;
        &lt;/div&gt;
</description>
      <Point>
        <coordinates>35.2799022921202,31.9735010350472,0</coordinates>
      </Point>
    </Placemark>
    <Placemark id="brill_awdl000068">
      <styleUrl>#redpin</styleUrl>
      <name>Ancient synagogues</name>
      <description>
        &lt;div&gt;&lt;/div&gt;
        &lt;div&gt;
          &lt;table&gt;
            &lt;tr&gt;
              &lt;td&gt;Title&lt;/td&gt;
              &lt;td&gt;&lt;a href="http://hdl.handle.net/2333.1/cvdncmmx"&gt;Ancient synagogues&lt;/a&gt;&lt;/td&gt;
            &lt;/tr&gt;
            &lt;tr&gt;
              &lt;td&gt;Subtitle&lt;/td&gt;
              &lt;td&gt;historical analysis and archaeological discovery&lt;/td&gt;
            &lt;/tr&gt;
            &lt;tr&gt;
              &lt;td&gt;Author&lt;/td&gt;
              &lt;td&gt;Urman, Dan. - Flesher, Paul Virgil McCracken.&lt;/td&gt;
            &lt;/tr&gt;
            &lt;tr&gt;
              &lt;td&gt;Publisher&lt;/td&gt;
              &lt;td&gt;E.J. Brill, Leiden, 1995&lt;/td&gt;
            &lt;/tr&gt;
            &lt;tr&gt;
              &lt;td&gt;Language&lt;/td&gt;
              &lt;td&gt;English&lt;/td&gt;
            &lt;/tr&gt;
            &lt;tr&gt;
              &lt;td&gt;Call Number&lt;/td&gt;
              &lt;td&gt;BM653 .A495 1995&lt;/td&gt;
            &lt;/tr&gt;
            &lt;tr&gt;
              &lt;td&gt;Geo Subject&lt;/td&gt;
              &lt;td&gt;Middle East, Palestine&lt;/td&gt;
            &lt;/tr&gt;
            &lt;tr&gt;
              &lt;td&gt;ID&lt;/td&gt;
              &lt;td&gt;brill_awdl000068&lt;/td&gt;
            &lt;/tr&gt;
          &lt;/table&gt;
        &lt;/div&gt;
</description>
      <Point>
        <coordinates>35.2742426974259,31.9182005241876,0</coordinates>
      </Point>
    </Placemark>
    <Placemark id="brill_awdl000069">
      <styleUrl>#redpin</styleUrl>
      <name>The construction of the Assyrian empire</name>
      <description>
        &lt;div&gt;&lt;/div&gt;
        &lt;div&gt;
          &lt;table&gt;
            &lt;tr&gt;
              &lt;td&gt;Title&lt;/td&gt;
              &lt;td&gt;&lt;a href="http://hdl.handle.net/2333.1/83bk3m3t"&gt;The construction of the Assyrian empire&lt;/a&gt;&lt;/td&gt;
            &lt;/tr&gt;
            &lt;tr&gt;
              &lt;td&gt;Subtitle&lt;/td&gt;
              &lt;td&gt;a historical study of the inscriptions of Shalmanesar III relating to his campaigns in the West&lt;/td&gt;
            &lt;/tr&gt;
            &lt;tr&gt;
              &lt;td&gt;Author&lt;/td&gt;
              &lt;td&gt;Yamada, Shigeo.&lt;/td&gt;
            &lt;/tr&gt;
            &lt;tr&gt;
              &lt;td&gt;Publisher&lt;/td&gt;
              &lt;td&gt;Brill, Boston, 2000&lt;/td&gt;
            &lt;/tr&gt;
            &lt;tr&gt;
              &lt;td&gt;Language&lt;/td&gt;
              &lt;td&gt;English&lt;/td&gt;
            &lt;/tr&gt;
            &lt;tr&gt;
              &lt;td&gt;Call Number&lt;/td&gt;
              &lt;td&gt;DS73.75 .Y35 2000&lt;/td&gt;
            &lt;/tr&gt;
            &lt;tr&gt;
              &lt;td&gt;Geo Subject&lt;/td&gt;
              &lt;td&gt;Assyria&lt;/td&gt;
            &lt;/tr&gt;
            &lt;tr&gt;
              &lt;td&gt;ID&lt;/td&gt;
              &lt;td&gt;brill_awdl000069&lt;/td&gt;
            &lt;/tr&gt;
          &lt;/table&gt;
        &lt;/div&gt;
</description>
      <Point>
        <coordinates>43.2619753515417,35.4546681136948,0</coordinates>
      </Point>
    </Placemark>
    <Placemark id="brill_awdl000070">
      <styleUrl>#redpin</styleUrl>
      <name>Cuneiform inscriptions in the collection of the Bible Lands Museum Jerusalem</name>
      <description>
        &lt;div&gt;&lt;/div&gt;
        &lt;div&gt;
          &lt;table&gt;
            &lt;tr&gt;
              &lt;td&gt;Title&lt;/td&gt;
              &lt;td&gt;&lt;a href="http://hdl.handle.net/2333.1/4b8gtkmk"&gt;Cuneiform inscriptions in the collection of the Bible Lands Museum Jerusalem&lt;/a&gt;&lt;/td&gt;
            &lt;/tr&gt;
            &lt;tr&gt;
              &lt;td&gt;Subtitle&lt;/td&gt;
              &lt;td&gt;&lt;/td&gt;
            &lt;/tr&gt;
            &lt;tr&gt;
              &lt;td&gt;Author&lt;/td&gt;
              &lt;td&gt;Westenholz, Joan Goodnick, 1943-&lt;/td&gt;
            &lt;/tr&gt;
            &lt;tr&gt;
              &lt;td&gt;Publisher&lt;/td&gt;
              &lt;td&gt;Styx, Groningen, 2000&lt;/td&gt;
            &lt;/tr&gt;
            &lt;tr&gt;
              &lt;td&gt;Language&lt;/td&gt;
              &lt;td&gt;English&lt;/td&gt;
            &lt;/tr&gt;
            &lt;tr&gt;
              &lt;td&gt;Call Number&lt;/td&gt;
              &lt;td&gt;PJ3711.J47 C86 2000&lt;/td&gt;
            &lt;/tr&gt;
            &lt;tr&gt;
              &lt;td&gt;Geo Subject&lt;/td&gt;
              &lt;td&gt;Emar (Extinct city), Syria&lt;/td&gt;
            &lt;/tr&gt;
            &lt;tr&gt;
              &lt;td&gt;ID&lt;/td&gt;
              &lt;td&gt;brill_awdl000070&lt;/td&gt;
            &lt;/tr&gt;
          &lt;/table&gt;
        &lt;/div&gt;
</description>
      <Point>
        <coordinates>39.1109510645767,34.6162434684575,0</coordinates>
      </Point>
    </Placemark>
    <Placemark id="brill_awdl000071">
      <styleUrl>#redpin</styleUrl>
      <name>Egyptianization and elite emulation in Ramesside Palestine</name>
      <description>
        &lt;div&gt;&lt;/div&gt;
        &lt;div&gt;
          &lt;table&gt;
            &lt;tr&gt;
              &lt;td&gt;Title&lt;/td&gt;
              &lt;td&gt;&lt;a href="http://hdl.handle.net/2333.1/0p2nggs2"&gt;Egyptianization and elite emulation in Ramesside Palestine&lt;/a&gt;&lt;/td&gt;
            &lt;/tr&gt;
            &lt;tr&gt;
              &lt;td&gt;Subtitle&lt;/td&gt;
              &lt;td&gt;governance and accommodation on the imperial periphery&lt;/td&gt;
            &lt;/tr&gt;
            &lt;tr&gt;
              &lt;td&gt;Author&lt;/td&gt;
              &lt;td&gt;Higginbotham, Carolyn R.&lt;/td&gt;
            &lt;/tr&gt;
            &lt;tr&gt;
              &lt;td&gt;Publisher&lt;/td&gt;
              &lt;td&gt;Brill, Leiden, 2000&lt;/td&gt;
            &lt;/tr&gt;
            &lt;tr&gt;
              &lt;td&gt;Language&lt;/td&gt;
              &lt;td&gt;English&lt;/td&gt;
            &lt;/tr&gt;
            &lt;tr&gt;
              &lt;td&gt;Call Number&lt;/td&gt;
              &lt;td&gt;DS111 .H54 2000&lt;/td&gt;
            &lt;/tr&gt;
            &lt;tr&gt;
              &lt;td&gt;Geo Subject&lt;/td&gt;
              &lt;td&gt;Egypt, Palestine&lt;/td&gt;
            &lt;/tr&gt;
            &lt;tr&gt;
              &lt;td&gt;ID&lt;/td&gt;
              &lt;td&gt;brill_awdl000071&lt;/td&gt;
            &lt;/tr&gt;
          &lt;/table&gt;
        &lt;/div&gt;
</description>
      <Point>
        <coordinates>35.2264469240854,31.9236128883262,0</coordinates>
      </Point>
    </Placemark>
    <Placemark id="brill_awdl000072">
      <styleUrl>#redpin</styleUrl>
      <name>Mesopotamian magic</name>
      <description>
        &lt;div&gt;&lt;/div&gt;
        &lt;div&gt;
          &lt;table&gt;
            &lt;tr&gt;
              &lt;td&gt;Title&lt;/td&gt;
              &lt;td&gt;&lt;a href="http://hdl.handle.net/2333.1/vx0k6gf4"&gt;Mesopotamian magic&lt;/a&gt;&lt;/td&gt;
            &lt;/tr&gt;
            &lt;tr&gt;
              &lt;td&gt;Subtitle&lt;/td&gt;
              &lt;td&gt;textual, historical, and interpretative perspectives&lt;/td&gt;
            &lt;/tr&gt;
            &lt;tr&gt;
              &lt;td&gt;Author&lt;/td&gt;
              &lt;td&gt;Abusch, I. Tzvi. - Toorn, K. van der.&lt;/td&gt;
            &lt;/tr&gt;
            &lt;tr&gt;
              &lt;td&gt;Publisher&lt;/td&gt;
              &lt;td&gt;Styx Publications, Groningen, 1999&lt;/td&gt;
            &lt;/tr&gt;
            &lt;tr&gt;
              &lt;td&gt;Language&lt;/td&gt;
              &lt;td&gt;English&lt;/td&gt;
            &lt;/tr&gt;
            &lt;tr&gt;
              &lt;td&gt;Call Number&lt;/td&gt;
              &lt;td&gt;BF1591 .M479 1999&lt;/td&gt;
            &lt;/tr&gt;
            &lt;tr&gt;
              &lt;td&gt;Geo Subject&lt;/td&gt;
              &lt;td&gt;Iraq&lt;/td&gt;
            &lt;/tr&gt;
            &lt;tr&gt;
              &lt;td&gt;ID&lt;/td&gt;
              &lt;td&gt;brill_awdl000072&lt;/td&gt;
            &lt;/tr&gt;
          &lt;/table&gt;
        &lt;/div&gt;
</description>
      <Point>
        <coordinates>44.6874627191524,32.3157340218998,0</coordinates>
      </Point>
    </Placemark>
    <Placemark id="brill_awdl000073">
      <styleUrl>#redpin</styleUrl>
      <name>Epilepsy in Babylonia</name>
      <description>
        &lt;div&gt;&lt;/div&gt;
        &lt;div&gt;
          &lt;table&gt;
            &lt;tr&gt;
              &lt;td&gt;Title&lt;/td&gt;
              &lt;td&gt;&lt;a href="http://hdl.handle.net/2333.1/r4xgxfxm"&gt;Epilepsy in Babylonia&lt;/a&gt;&lt;/td&gt;
            &lt;/tr&gt;
            &lt;tr&gt;
              &lt;td&gt;Subtitle&lt;/td&gt;
              &lt;td&gt;&lt;/td&gt;
            &lt;/tr&gt;
            &lt;tr&gt;
              &lt;td&gt;Author&lt;/td&gt;
              &lt;td&gt;Stol, Marten.&lt;/td&gt;
            &lt;/tr&gt;
            &lt;tr&gt;
              &lt;td&gt;Publisher&lt;/td&gt;
              &lt;td&gt;Styx Publications, Groningen, 1993&lt;/td&gt;
            &lt;/tr&gt;
            &lt;tr&gt;
              &lt;td&gt;Language&lt;/td&gt;
              &lt;td&gt;English&lt;/td&gt;
            &lt;/tr&gt;
            &lt;tr&gt;
              &lt;td&gt;Call Number&lt;/td&gt;
              &lt;td&gt;R135.3 .S76 1993&lt;/td&gt;
            &lt;/tr&gt;
            &lt;tr&gt;
              &lt;td&gt;Geo Subject&lt;/td&gt;
              &lt;td&gt;Babylonia, Iraq&lt;/td&gt;
            &lt;/tr&gt;
            &lt;tr&gt;
              &lt;td&gt;ID&lt;/td&gt;
              &lt;td&gt;brill_awdl000073&lt;/td&gt;
            &lt;/tr&gt;
          &lt;/table&gt;
        &lt;/div&gt;
</description>
      <Point>
        <coordinates>44.7992007684658,33.5350232823188,0</coordinates>
      </Point>
    </Placemark>
    <Placemark id="brill_awdl000074">
      <styleUrl>#redpin</styleUrl>
      <name>Egyptian non-royal epithets in the Middle Kingdom</name>
      <description>
        &lt;div&gt;&lt;/div&gt;
        &lt;div&gt;
          &lt;table&gt;
            &lt;tr&gt;
              &lt;td&gt;Title&lt;/td&gt;
              &lt;td&gt;&lt;a href="http://hdl.handle.net/2333.1/mcvdnfc7"&gt;Egyptian non-royal epithets in the Middle Kingdom&lt;/a&gt;&lt;/td&gt;
            &lt;/tr&gt;
            &lt;tr&gt;
              &lt;td&gt;Subtitle&lt;/td&gt;
              &lt;td&gt;a social and historical analysis&lt;/td&gt;
            &lt;/tr&gt;
            &lt;tr&gt;
              &lt;td&gt;Author&lt;/td&gt;
              &lt;td&gt;Doxey, Denise M.&lt;/td&gt;
            &lt;/tr&gt;
            &lt;tr&gt;
              &lt;td&gt;Publisher&lt;/td&gt;
              &lt;td&gt;Brill, Leiden, 1998&lt;/td&gt;
            &lt;/tr&gt;
            &lt;tr&gt;
              &lt;td&gt;Language&lt;/td&gt;
              &lt;td&gt;English&lt;/td&gt;
            &lt;/tr&gt;
            &lt;tr&gt;
              &lt;td&gt;Call Number&lt;/td&gt;
              &lt;td&gt;DT85 .D69 1998&lt;/td&gt;
            &lt;/tr&gt;
            &lt;tr&gt;
              &lt;td&gt;Geo Subject&lt;/td&gt;
              &lt;td&gt;Egypt&lt;/td&gt;
            &lt;/tr&gt;
            &lt;tr&gt;
              &lt;td&gt;ID&lt;/td&gt;
              &lt;td&gt;brill_awdl000074&lt;/td&gt;
            &lt;/tr&gt;
          &lt;/table&gt;
        &lt;/div&gt;
</description>
      <Point>
        <coordinates>29.4118355133301,26.0683341104874,0</coordinates>
      </Point>
    </Placemark>
    <Placemark id="brill_awdl000076">
      <styleUrl>#redpin</styleUrl>
      <name>A history of the Jews in Babylonia</name>
      <description>
        &lt;div&gt;&lt;/div&gt;
        &lt;div&gt;
          &lt;table&gt;
            &lt;tr&gt;
              &lt;td&gt;Title&lt;/td&gt;
              &lt;td&gt;&lt;a href="http://hdl.handle.net/2333.1/bvq83dc0"&gt;A history of the Jews in Babylonia&lt;/a&gt;&lt;/td&gt;
            &lt;/tr&gt;
            &lt;tr&gt;
              &lt;td&gt;Subtitle&lt;/td&gt;
              &lt;td&gt;&lt;/td&gt;
            &lt;/tr&gt;
            &lt;tr&gt;
              &lt;td&gt;Author&lt;/td&gt;
              &lt;td&gt;Neusner, Jacob, 1932-&lt;/td&gt;
            &lt;/tr&gt;
            &lt;tr&gt;
              &lt;td&gt;Publisher&lt;/td&gt;
              &lt;td&gt;E.J. Brill, Leiden, 1965&lt;/td&gt;
            &lt;/tr&gt;
            &lt;tr&gt;
              &lt;td&gt;Language&lt;/td&gt;
              &lt;td&gt;English&lt;/td&gt;
            &lt;/tr&gt;
            &lt;tr&gt;
              &lt;td&gt;Call Number&lt;/td&gt;
              &lt;td&gt;DS135.B2 N42 1969&lt;/td&gt;
            &lt;/tr&gt;
            &lt;tr&gt;
              &lt;td&gt;Geo Subject&lt;/td&gt;
              &lt;td&gt;Babylonia, Iraq&lt;/td&gt;
            &lt;/tr&gt;
            &lt;tr&gt;
              &lt;td&gt;ID&lt;/td&gt;
              &lt;td&gt;brill_awdl000076&lt;/td&gt;
            &lt;/tr&gt;
          &lt;/table&gt;
        &lt;/div&gt;
</description>
      <Point>
        <coordinates>43.6044431626254,33.2297792492634,0</coordinates>
      </Point>
    </Placemark>
    <Placemark id="brill_awdl000081">
      <styleUrl>#redpin</styleUrl>
      <name>The Elephantine papyri in English</name>
      <description>
        &lt;div&gt;&lt;/div&gt;
        &lt;div&gt;
          &lt;table&gt;
            &lt;tr&gt;
              &lt;td&gt;Title&lt;/td&gt;
              &lt;td&gt;&lt;a href="http://hdl.handle.net/2333.1/q573n7pr"&gt;The Elephantine papyri in English&lt;/a&gt;&lt;/td&gt;
            &lt;/tr&gt;
            &lt;tr&gt;
              &lt;td&gt;Subtitle&lt;/td&gt;
              &lt;td&gt;three millennia of cross-cultural continuity and change&lt;/td&gt;
            &lt;/tr&gt;
            &lt;tr&gt;
              &lt;td&gt;Author&lt;/td&gt;
              &lt;td&gt;Porten, Bezalel.&lt;/td&gt;
            &lt;/tr&gt;
            &lt;tr&gt;
              &lt;td&gt;Publisher&lt;/td&gt;
              &lt;td&gt;E.J. Brill, Leiden, 1996&lt;/td&gt;
            &lt;/tr&gt;
            &lt;tr&gt;
              &lt;td&gt;Language&lt;/td&gt;
              &lt;td&gt;English&lt;/td&gt;
            &lt;/tr&gt;
            &lt;tr&gt;
              &lt;td&gt;Call Number&lt;/td&gt;
              &lt;td&gt;PJ1680.E45 E45 1996&lt;/td&gt;
            &lt;/tr&gt;
            &lt;tr&gt;
              &lt;td&gt;Geo Subject&lt;/td&gt;
              &lt;td&gt;Egypt, Elephantine, Elephantine (Egypt)&lt;/td&gt;
            &lt;/tr&gt;
            &lt;tr&gt;
              &lt;td&gt;ID&lt;/td&gt;
              &lt;td&gt;brill_awdl000081&lt;/td&gt;
            &lt;/tr&gt;
          &lt;/table&gt;
        &lt;/div&gt;
</description>
      <Point>
        <coordinates>28.7704778912888,25.1132958357638,0</coordinates>
      </Point>
    </Placemark>
    <Placemark id="brill_awdl000082">
      <styleUrl>#redpin</styleUrl>
      <name>Die Urkunden des babylonischen Gesch&#xE4;ftsmannes Iddin-Marduk</name>
      <description>
        &lt;div&gt;&lt;/div&gt;
        &lt;div&gt;
          &lt;table&gt;
            &lt;tr&gt;
              &lt;td&gt;Title&lt;/td&gt;
              &lt;td&gt;&lt;a href="http://hdl.handle.net/2333.1/kd51c75m"&gt;Die Urkunden des babylonischen Gesch&#xE4;ftsmannes Iddin-Marduk&lt;/a&gt;&lt;/td&gt;
            &lt;/tr&gt;
            &lt;tr&gt;
              &lt;td&gt;Subtitle&lt;/td&gt;
              &lt;td&gt;zum Handel mit Naturalien im 6. Jahrhundert v. Chr&lt;/td&gt;
            &lt;/tr&gt;
            &lt;tr&gt;
              &lt;td&gt;Author&lt;/td&gt;
              &lt;td&gt;Wunsch, Cornelia.&lt;/td&gt;
            &lt;/tr&gt;
            &lt;tr&gt;
              &lt;td&gt;Publisher&lt;/td&gt;
              &lt;td&gt;Styx Publications, Groningen, 1993&lt;/td&gt;
            &lt;/tr&gt;
            &lt;tr&gt;
              &lt;td&gt;Language&lt;/td&gt;
              &lt;td&gt;German&lt;/td&gt;
            &lt;/tr&gt;
            &lt;tr&gt;
              &lt;td&gt;Call Number&lt;/td&gt;
              &lt;td&gt;PJ3870 .W95 1993&lt;/td&gt;
            &lt;/tr&gt;
            &lt;tr&gt;
              &lt;td&gt;Geo Subject&lt;/td&gt;
              &lt;td&gt;Babylonia&lt;/td&gt;
            &lt;/tr&gt;
            &lt;tr&gt;
              &lt;td&gt;ID&lt;/td&gt;
              &lt;td&gt;brill_awdl000082&lt;/td&gt;
            &lt;/tr&gt;
          &lt;/table&gt;
        &lt;/div&gt;
</description>
      <Point>
        <coordinates>44.3984002697286,32.5600211312352,0</coordinates>
      </Point>
    </Placemark>
    <Placemark id="brill_awdl000083">
      <styleUrl>#redpin</styleUrl>
      <name>Die Urkunden des babylonischen Gesch&#xE4;ftsmannes Iddin-Marduk</name>
      <description>
        &lt;div&gt;&lt;/div&gt;
        &lt;div&gt;
          &lt;table&gt;
            &lt;tr&gt;
              &lt;td&gt;Title&lt;/td&gt;
              &lt;td&gt;&lt;a href="http://hdl.handle.net/2333.1/fn2z36n5"&gt;Die Urkunden des babylonischen Gesch&#xE4;ftsmannes Iddin-Marduk&lt;/a&gt;&lt;/td&gt;
            &lt;/tr&gt;
            &lt;tr&gt;
              &lt;td&gt;Subtitle&lt;/td&gt;
              &lt;td&gt;zum Handel mit Naturalien im 6. Jahrhundert v. Chr&lt;/td&gt;
            &lt;/tr&gt;
            &lt;tr&gt;
              &lt;td&gt;Author&lt;/td&gt;
              &lt;td&gt;Wunsch, Cornelia.&lt;/td&gt;
            &lt;/tr&gt;
            &lt;tr&gt;
              &lt;td&gt;Publisher&lt;/td&gt;
              &lt;td&gt;Styx Publications, Groningen, 1993&lt;/td&gt;
            &lt;/tr&gt;
            &lt;tr&gt;
              &lt;td&gt;Language&lt;/td&gt;
              &lt;td&gt;German&lt;/td&gt;
            &lt;/tr&gt;
            &lt;tr&gt;
              &lt;td&gt;Call Number&lt;/td&gt;
              &lt;td&gt;PJ3870 .W95 1993&lt;/td&gt;
            &lt;/tr&gt;
            &lt;tr&gt;
              &lt;td&gt;Geo Subject&lt;/td&gt;
              &lt;td&gt;Babylonia&lt;/td&gt;
            &lt;/tr&gt;
            &lt;tr&gt;
              &lt;td&gt;ID&lt;/td&gt;
              &lt;td&gt;brill_awdl000083&lt;/td&gt;
            &lt;/tr&gt;
          &lt;/table&gt;
        &lt;/div&gt;
</description>
      <Point>
        <coordinates>44.4371936740218,32.5540001435605,0</coordinates>
      </Point>
    </Placemark>
    <Placemark id="brill_awdl000089">
      <styleUrl>#redpin</styleUrl>
      <name>Royal administration and national religion in ancient Palestine</name>
      <description>
        &lt;div&gt;&lt;/div&gt;
        &lt;div&gt;
          &lt;table&gt;
            &lt;tr&gt;
              &lt;td&gt;Title&lt;/td&gt;
              &lt;td&gt;&lt;a href="http://hdl.handle.net/2333.1/p5hqc1fq"&gt;Royal administration and national religion in ancient Palestine&lt;/a&gt;&lt;/td&gt;
            &lt;/tr&gt;
            &lt;tr&gt;
              &lt;td&gt;Subtitle&lt;/td&gt;
              &lt;td&gt;&lt;/td&gt;
            &lt;/tr&gt;
            &lt;tr&gt;
              &lt;td&gt;Author&lt;/td&gt;
              &lt;td&gt;Ahlstr&#xF6;m, G&#xF6;sta W. (G&#xF6;sta Werner), 1918-&lt;/td&gt;
            &lt;/tr&gt;
            &lt;tr&gt;
              &lt;td&gt;Publisher&lt;/td&gt;
              &lt;td&gt;Brill, Leiden, 1982&lt;/td&gt;
            &lt;/tr&gt;
            &lt;tr&gt;
              &lt;td&gt;Language&lt;/td&gt;
              &lt;td&gt;English&lt;/td&gt;
            &lt;/tr&gt;
            &lt;tr&gt;
              &lt;td&gt;Call Number&lt;/td&gt;
              &lt;td&gt;DS121.55 .A32 1982&lt;/td&gt;
            &lt;/tr&gt;
            &lt;tr&gt;
              &lt;td&gt;Geo Subject&lt;/td&gt;
              &lt;td&gt;Palestine&lt;/td&gt;
            &lt;/tr&gt;
            &lt;tr&gt;
              &lt;td&gt;ID&lt;/td&gt;
              &lt;td&gt;brill_awdl000089&lt;/td&gt;
            &lt;/tr&gt;
          &lt;/table&gt;
        &lt;/div&gt;
</description>
      <Point>
        <coordinates>35.2317559739079,31.9896279542861,0</coordinates>
      </Point>
    </Placemark>
    <Placemark id="brill_awdl000091">
      <styleUrl>#redpin</styleUrl>
      <name>Mari and the Bible</name>
      <description>
        &lt;div&gt;&lt;/div&gt;
        &lt;div&gt;
          &lt;table&gt;
            &lt;tr&gt;
              &lt;td&gt;Title&lt;/td&gt;
              &lt;td&gt;&lt;a href="http://hdl.handle.net/2333.1/dncjt0d3"&gt;Mari and the Bible&lt;/a&gt;&lt;/td&gt;
            &lt;/tr&gt;
            &lt;tr&gt;
              &lt;td&gt;Subtitle&lt;/td&gt;
              &lt;td&gt;&lt;/td&gt;
            &lt;/tr&gt;
            &lt;tr&gt;
              &lt;td&gt;Author&lt;/td&gt;
              &lt;td&gt;Malamat, Abraham.&lt;/td&gt;
            &lt;/tr&gt;
            &lt;tr&gt;
              &lt;td&gt;Publisher&lt;/td&gt;
              &lt;td&gt;Brill, Leiden, 1998&lt;/td&gt;
            &lt;/tr&gt;
            &lt;tr&gt;
              &lt;td&gt;Language&lt;/td&gt;
              &lt;td&gt;English&lt;/td&gt;
            &lt;/tr&gt;
            &lt;tr&gt;
              &lt;td&gt;Call Number&lt;/td&gt;
              &lt;td&gt;DS99.M3 M343 1998&lt;/td&gt;
            &lt;/tr&gt;
            &lt;tr&gt;
              &lt;td&gt;Geo Subject&lt;/td&gt;
              &lt;td&gt;Mari (Extinct city)&lt;/td&gt;
            &lt;/tr&gt;
            &lt;tr&gt;
              &lt;td&gt;ID&lt;/td&gt;
              &lt;td&gt;brill_awdl000091&lt;/td&gt;
            &lt;/tr&gt;
          &lt;/table&gt;
        &lt;/div&gt;
</description>
      <Point>
        <coordinates>40.8414436600608,34.542432167426,0</coordinates>
      </Point>
    </Placemark>
    <Placemark id="brill_awdl000093">
      <styleUrl>#redpin</styleUrl>
      <name>Origins</name>
      <description>
        &lt;div&gt;&lt;/div&gt;
        &lt;div&gt;
          &lt;table&gt;
            &lt;tr&gt;
              &lt;td&gt;Title&lt;/td&gt;
              &lt;td&gt;&lt;a href="http://hdl.handle.net/2333.1/573n5w3j"&gt;Origins&lt;/a&gt;&lt;/td&gt;
            &lt;/tr&gt;
            &lt;tr&gt;
              &lt;td&gt;Subtitle&lt;/td&gt;
              &lt;td&gt;the ancient Near Eastern background of some modern western institutions&lt;/td&gt;
            &lt;/tr&gt;
            &lt;tr&gt;
              &lt;td&gt;Author&lt;/td&gt;
              &lt;td&gt;Hallo, William W.&lt;/td&gt;
            &lt;/tr&gt;
            &lt;tr&gt;
              &lt;td&gt;Publisher&lt;/td&gt;
              &lt;td&gt;Brill, Leiden, 1996&lt;/td&gt;
            &lt;/tr&gt;
            &lt;tr&gt;
              &lt;td&gt;Language&lt;/td&gt;
              &lt;td&gt;English&lt;/td&gt;
            &lt;/tr&gt;
            &lt;tr&gt;
              &lt;td&gt;Call Number&lt;/td&gt;
              &lt;td&gt;CB245 .H25 1996&lt;/td&gt;
            &lt;/tr&gt;
            &lt;tr&gt;
              &lt;td&gt;Geo Subject&lt;/td&gt;
              &lt;td&gt;Middle East&lt;/td&gt;
            &lt;/tr&gt;
            &lt;tr&gt;
              &lt;td&gt;ID&lt;/td&gt;
              &lt;td&gt;brill_awdl000093&lt;/td&gt;
            &lt;/tr&gt;
          &lt;/table&gt;
        &lt;/div&gt;
</description>
      <Point>
        <coordinates>42.5239326525261,29.2899127584296,0</coordinates>
      </Point>
    </Placemark>
    <Placemark id="brill_awdl000094">
      <styleUrl>#redpin</styleUrl>
      <name>Ancient building in Cyprus</name>
      <description>
        &lt;div&gt;&lt;/div&gt;
        &lt;div&gt;
          &lt;table&gt;
            &lt;tr&gt;
              &lt;td&gt;Title&lt;/td&gt;
              &lt;td&gt;&lt;a href="http://hdl.handle.net/2333.1/1g1jwvjt"&gt;Ancient building in Cyprus&lt;/a&gt;&lt;/td&gt;
            &lt;/tr&gt;
            &lt;tr&gt;
              &lt;td&gt;Subtitle&lt;/td&gt;
              &lt;td&gt;&lt;/td&gt;
            &lt;/tr&gt;
            &lt;tr&gt;
              &lt;td&gt;Author&lt;/td&gt;
              &lt;td&gt;Wright, G. R. H. (George R. H.), 1924-&lt;/td&gt;
            &lt;/tr&gt;
            &lt;tr&gt;
              &lt;td&gt;Publisher&lt;/td&gt;
              &lt;td&gt;E.J. Brill, Leiden, 1992&lt;/td&gt;
            &lt;/tr&gt;
            &lt;tr&gt;
              &lt;td&gt;Language&lt;/td&gt;
              &lt;td&gt;English&lt;/td&gt;
            &lt;/tr&gt;
            &lt;tr&gt;
              &lt;td&gt;Call Number&lt;/td&gt;
              &lt;td&gt;NA230 .W75 1992&lt;/td&gt;
            &lt;/tr&gt;
            &lt;tr&gt;
              &lt;td&gt;Geo Subject&lt;/td&gt;
              &lt;td&gt;Cyprus&lt;/td&gt;
            &lt;/tr&gt;
            &lt;tr&gt;
              &lt;td&gt;ID&lt;/td&gt;
              &lt;td&gt;brill_awdl000094&lt;/td&gt;
            &lt;/tr&gt;
          &lt;/table&gt;
        &lt;/div&gt;
</description>
      <Point>
        <coordinates>33.1277504912912,35.0558619557136,0</coordinates>
      </Point>
    </Placemark>
    <Placemark id="brill_awdl000095">
      <styleUrl>#redpin</styleUrl>
      <name>Ancient building in Cyprus</name>
      <description>
        &lt;div&gt;&lt;/div&gt;
        &lt;div&gt;
          &lt;table&gt;
            &lt;tr&gt;
              &lt;td&gt;Title&lt;/td&gt;
              &lt;td&gt;&lt;a href="http://hdl.handle.net/2333.1/wpzgmv6t"&gt;Ancient building in Cyprus&lt;/a&gt;&lt;/td&gt;
            &lt;/tr&gt;
            &lt;tr&gt;
              &lt;td&gt;Subtitle&lt;/td&gt;
              &lt;td&gt;&lt;/td&gt;
            &lt;/tr&gt;
            &lt;tr&gt;
              &lt;td&gt;Author&lt;/td&gt;
              &lt;td&gt;Wright, G. R. H. (George R. H.), 1924-&lt;/td&gt;
            &lt;/tr&gt;
            &lt;tr&gt;
              &lt;td&gt;Publisher&lt;/td&gt;
              &lt;td&gt;E.J. Brill, Leiden, 1992&lt;/td&gt;
            &lt;/tr&gt;
            &lt;tr&gt;
              &lt;td&gt;Language&lt;/td&gt;
              &lt;td&gt;English&lt;/td&gt;
            &lt;/tr&gt;
            &lt;tr&gt;
              &lt;td&gt;Call Number&lt;/td&gt;
              &lt;td&gt;NA230 .W75 1992&lt;/td&gt;
            &lt;/tr&gt;
            &lt;tr&gt;
              &lt;td&gt;Geo Subject&lt;/td&gt;
              &lt;td&gt;Cyprus&lt;/td&gt;
            &lt;/tr&gt;
            &lt;tr&gt;
              &lt;td&gt;ID&lt;/td&gt;
              &lt;td&gt;brill_awdl000095&lt;/td&gt;
            &lt;/tr&gt;
          &lt;/table&gt;
        &lt;/div&gt;
</description>
      <Point>
        <coordinates>33.0648977518438,35.109027323284,0</coordinates>
      </Point>
    </Placemark>
    <Placemark id="brill_awdl000096">
      <styleUrl>#redpin</styleUrl>
      <name>La reine Hatchepsout</name>
      <description>
        &lt;div&gt;&lt;/div&gt;
        &lt;div&gt;
          &lt;table&gt;
            &lt;tr&gt;
              &lt;td&gt;Title&lt;/td&gt;
              &lt;td&gt;&lt;a href="http://hdl.handle.net/2333.1/rxwdbtpg"&gt;La reine Hatchepsout&lt;/a&gt;&lt;/td&gt;
            &lt;/tr&gt;
            &lt;tr&gt;
              &lt;td&gt;Subtitle&lt;/td&gt;
              &lt;td&gt;sources et probl&#xE8;mes&lt;/td&gt;
            &lt;/tr&gt;
            &lt;tr&gt;
              &lt;td&gt;Author&lt;/td&gt;
              &lt;td&gt;Rati&#xE9;, Suzanne.&lt;/td&gt;
            &lt;/tr&gt;
            &lt;tr&gt;
              &lt;td&gt;Publisher&lt;/td&gt;
              &lt;td&gt;Brill, Leyden, 1979&lt;/td&gt;
            &lt;/tr&gt;
            &lt;tr&gt;
              &lt;td&gt;Language&lt;/td&gt;
              &lt;td&gt;French&lt;/td&gt;
            &lt;/tr&gt;
            &lt;tr&gt;
              &lt;td&gt;Call Number&lt;/td&gt;
              &lt;td&gt;DT87.15 .R37 1979&lt;/td&gt;
            &lt;/tr&gt;
            &lt;tr&gt;
              &lt;td&gt;Geo Subject&lt;/td&gt;
              &lt;td&gt;Egypt&lt;/td&gt;
            &lt;/tr&gt;
            &lt;tr&gt;
              &lt;td&gt;ID&lt;/td&gt;
              &lt;td&gt;brill_awdl000096&lt;/td&gt;
            &lt;/tr&gt;
          &lt;/table&gt;
        &lt;/div&gt;
</description>
      <Point>
        <coordinates>29.4408124836941,27.0581196055058,0</coordinates>
      </Point>
    </Placemark>
    <Placemark id="brill_awdl000097">
      <styleUrl>#redpin</styleUrl>
      <name>Caesarea Maritima</name>
      <description>
        &lt;div&gt;&lt;/div&gt;
        &lt;div&gt;
          &lt;table&gt;
            &lt;tr&gt;
              &lt;td&gt;Title&lt;/td&gt;
              &lt;td&gt;&lt;a href="http://hdl.handle.net/2333.1/n5tb2t5c"&gt;Caesarea Maritima&lt;/a&gt;&lt;/td&gt;
            &lt;/tr&gt;
            &lt;tr&gt;
              &lt;td&gt;Subtitle&lt;/td&gt;
              &lt;td&gt;a retrospective after two millenia&lt;/td&gt;
            &lt;/tr&gt;
            &lt;tr&gt;
              &lt;td&gt;Author&lt;/td&gt;
              &lt;td&gt;Raban, Avner. - Holum, Kenneth G.&lt;/td&gt;
            &lt;/tr&gt;
            &lt;tr&gt;
              &lt;td&gt;Publisher&lt;/td&gt;
              &lt;td&gt;E.J.Brill, Leiden, 1996&lt;/td&gt;
            &lt;/tr&gt;
            &lt;tr&gt;
              &lt;td&gt;Language&lt;/td&gt;
              &lt;td&gt;English&lt;/td&gt;
            &lt;/tr&gt;
            &lt;tr&gt;
              &lt;td&gt;Call Number&lt;/td&gt;
              &lt;td&gt;DS110.C13 C33 1996&lt;/td&gt;
            &lt;/tr&gt;
            &lt;tr&gt;
              &lt;td&gt;Geo Subject&lt;/td&gt;
              &lt;td&gt;Caesarea, Caesarea (Israel), Israel&lt;/td&gt;
            &lt;/tr&gt;
            &lt;tr&gt;
              &lt;td&gt;ID&lt;/td&gt;
              &lt;td&gt;brill_awdl000097&lt;/td&gt;
            &lt;/tr&gt;
          &lt;/table&gt;
        &lt;/div&gt;
</description>
      <Point>
        <coordinates>35.0764350981811,31.3537652412837,0</coordinates>
      </Point>
    </Placemark>
    <Placemark id="brill_awdl000098">
      <styleUrl>#redpin</styleUrl>
      <name>Pan du d&#xE9;sert</name>
      <description>
        &lt;div&gt;&lt;/div&gt;
        &lt;div&gt;
          &lt;table&gt;
            &lt;tr&gt;
              &lt;td&gt;Title&lt;/td&gt;
              &lt;td&gt;&lt;a href="http://hdl.handle.net/2333.1/hdr7ssp4"&gt;Pan du d&#xE9;sert&lt;/a&gt;&lt;/td&gt;
            &lt;/tr&gt;
            &lt;tr&gt;
              &lt;td&gt;Subtitle&lt;/td&gt;
              &lt;td&gt;&lt;/td&gt;
            &lt;/tr&gt;
            &lt;tr&gt;
              &lt;td&gt;Author&lt;/td&gt;
              &lt;td&gt;Bernand, Andr&#xE9;.&lt;/td&gt;
            &lt;/tr&gt;
            &lt;tr&gt;
              &lt;td&gt;Publisher&lt;/td&gt;
              &lt;td&gt;E. J. Brill, Leiden, 1977&lt;/td&gt;
            &lt;/tr&gt;
            &lt;tr&gt;
              &lt;td&gt;Language&lt;/td&gt;
              &lt;td&gt;French&lt;/td&gt;
            &lt;/tr&gt;
            &lt;tr&gt;
              &lt;td&gt;Call Number&lt;/td&gt;
              &lt;td&gt;BL820.P2 B477 1977&lt;/td&gt;
            &lt;/tr&gt;
            &lt;tr&gt;
              &lt;td&gt;Geo Subject&lt;/td&gt;
              &lt;td&gt;Egypt&lt;/td&gt;
            &lt;/tr&gt;
            &lt;tr&gt;
              &lt;td&gt;ID&lt;/td&gt;
              &lt;td&gt;brill_awdl000098&lt;/td&gt;
            &lt;/tr&gt;
          &lt;/table&gt;
        &lt;/div&gt;
</description>
      <Point>
        <coordinates>30.4351997610576,25.0387115069335,0</coordinates>
      </Point>
    </Placemark>
    <Placemark id="brill_awdl000099">
      <styleUrl>#redpin</styleUrl>
      <name>W. B. Henning selected papers</name>
      <description>
        &lt;div&gt;&lt;/div&gt;
        &lt;div&gt;
          &lt;table&gt;
            &lt;tr&gt;
              &lt;td&gt;Title&lt;/td&gt;
              &lt;td&gt;&lt;a href="http://hdl.handle.net/2333.1/crjdfpx3"&gt;W. B. Henning selected papers&lt;/a&gt;&lt;/td&gt;
            &lt;/tr&gt;
            &lt;tr&gt;
              &lt;td&gt;Subtitle&lt;/td&gt;
              &lt;td&gt;&lt;/td&gt;
            &lt;/tr&gt;
            &lt;tr&gt;
              &lt;td&gt;Author&lt;/td&gt;
              &lt;td&gt;Henning, W. B. (Walter Bruno) - Boyce, Mary.&lt;/td&gt;
            &lt;/tr&gt;
            &lt;tr&gt;
              &lt;td&gt;Publisher&lt;/td&gt;
              &lt;td&gt;Biblioth&#xE8;que Pahlavi, T&#xE9;h&#xE9;ran, 1977&lt;/td&gt;
            &lt;/tr&gt;
            &lt;tr&gt;
              &lt;td&gt;Language&lt;/td&gt;
              &lt;td&gt;German&lt;/td&gt;
            &lt;/tr&gt;
            &lt;tr&gt;
              &lt;td&gt;Call Number&lt;/td&gt;
              &lt;td&gt;DS252.5 .H46 1977&lt;/td&gt;
            &lt;/tr&gt;
            &lt;tr&gt;
              &lt;td&gt;Geo Subject&lt;/td&gt;
              &lt;td&gt;Asia, Central, Iran&lt;/td&gt;
            &lt;/tr&gt;
            &lt;tr&gt;
              &lt;td&gt;ID&lt;/td&gt;
              &lt;td&gt;brill_awdl000099&lt;/td&gt;
            &lt;/tr&gt;
          &lt;/table&gt;
        &lt;/div&gt;
</description>
      <Point>
        <coordinates>53.0200930780941,32.1715667127316,0</coordinates>
      </Point>
    </Placemark>
    <Placemark id="brill_awdl000100">
      <styleUrl>#redpin</styleUrl>
      <name>K&#xF6;nigliche Verf&#xFC;gungen in altbabylonischer Zeit</name>
      <description>
        &lt;div&gt;&lt;/div&gt;
        &lt;div&gt;
          &lt;table&gt;
            &lt;tr&gt;
              &lt;td&gt;Title&lt;/td&gt;
              &lt;td&gt;&lt;a href="http://hdl.handle.net/2333.1/80gb5pd0"&gt;K&#xF6;nigliche Verf&#xFC;gungen in altbabylonischer Zeit&lt;/a&gt;&lt;/td&gt;
            &lt;/tr&gt;
            &lt;tr&gt;
              &lt;td&gt;Subtitle&lt;/td&gt;
              &lt;td&gt;&lt;/td&gt;
            &lt;/tr&gt;
            &lt;tr&gt;
              &lt;td&gt;Author&lt;/td&gt;
              &lt;td&gt;Kraus, F. R. (Fritz Rudolf), 1910-&lt;/td&gt;
            &lt;/tr&gt;
            &lt;tr&gt;
              &lt;td&gt;Publisher&lt;/td&gt;
              &lt;td&gt;E.J. Brill, Leiden, 1984&lt;/td&gt;
            &lt;/tr&gt;
            &lt;tr&gt;
              &lt;td&gt;Language&lt;/td&gt;
              &lt;td&gt;German&lt;/td&gt;
            &lt;/tr&gt;
            &lt;tr&gt;
              &lt;td&gt;Call Number&lt;/td&gt;
              &lt;td&gt;DS71 .K72 1984&lt;/td&gt;
            &lt;/tr&gt;
            &lt;tr&gt;
              &lt;td&gt;Geo Subject&lt;/td&gt;
              &lt;td&gt;Babylonia, Iraq&lt;/td&gt;
            &lt;/tr&gt;
            &lt;tr&gt;
              &lt;td&gt;ID&lt;/td&gt;
              &lt;td&gt;brill_awdl000100&lt;/td&gt;
            &lt;/tr&gt;
          &lt;/table&gt;
        &lt;/div&gt;
</description>
      <Point>
        <coordinates>42.9584841992465,32.9700975016427,0</coordinates>
      </Point>
    </Placemark>
    <Placemark id="brill_awdl000101">
      <styleUrl>#redpin</styleUrl>
      <name>L' agronomie de la M&#xE9;sopotamie antique</name>
      <description>
        &lt;div&gt;&lt;/div&gt;
        &lt;div&gt;
          &lt;table&gt;
            &lt;tr&gt;
              &lt;td&gt;Title&lt;/td&gt;
              &lt;td&gt;&lt;a href="http://hdl.handle.net/2333.1/47d7wnv8"&gt;L' agronomie de la M&#xE9;sopotamie antique&lt;/a&gt;&lt;/td&gt;
            &lt;/tr&gt;
            &lt;tr&gt;
              &lt;td&gt;Subtitle&lt;/td&gt;
              &lt;td&gt;analyse du "Livre de l'agriculture nabate&#x301;enne" de Qu&#x302;t&#x332;a&#x302;ma&#x308;"&lt;/td&gt;
            &lt;/tr&gt;
            &lt;tr&gt;
              &lt;td&gt;Author&lt;/td&gt;
              &lt;td&gt;El Fa&#xEF;z, Mohammed.&lt;/td&gt;
            &lt;/tr&gt;
            &lt;tr&gt;
              &lt;td&gt;Publisher&lt;/td&gt;
              &lt;td&gt;Brill, Leiden, 1995&lt;/td&gt;
            &lt;/tr&gt;
            &lt;tr&gt;
              &lt;td&gt;Language&lt;/td&gt;
              &lt;td&gt;French&lt;/td&gt;
            &lt;/tr&gt;
            &lt;tr&gt;
              &lt;td&gt;Call Number&lt;/td&gt;
              &lt;td&gt;HD2065 .E4 1995&lt;/td&gt;
            &lt;/tr&gt;
            &lt;tr&gt;
              &lt;td&gt;Geo Subject&lt;/td&gt;
              &lt;td&gt;Iraq&lt;/td&gt;
            &lt;/tr&gt;
            &lt;tr&gt;
              &lt;td&gt;ID&lt;/td&gt;
              &lt;td&gt;brill_awdl000101&lt;/td&gt;
            &lt;/tr&gt;
          &lt;/table&gt;
        &lt;/div&gt;
</description>
      <Point>
        <coordinates>43.6475186805739,33.7723331547674,0</coordinates>
      </Point>
    </Placemark>
    <Placemark id="brill_awdl000102">
      <styleUrl>#redpin</styleUrl>
      <name>Die G&#xF6;ttin Mr.t</name>
      <description>
        &lt;div&gt;&lt;/div&gt;
        &lt;div&gt;
          &lt;table&gt;
            &lt;tr&gt;
              &lt;td&gt;Title&lt;/td&gt;
              &lt;td&gt;&lt;a href="http://hdl.handle.net/2333.1/0gb5mnb4"&gt;Die G&#xF6;ttin Mr.t&lt;/a&gt;&lt;/td&gt;
            &lt;/tr&gt;
            &lt;tr&gt;
              &lt;td&gt;Subtitle&lt;/td&gt;
              &lt;td&gt;Entstehung und Verehrung einer Personifikation&lt;/td&gt;
            &lt;/tr&gt;
            &lt;tr&gt;
              &lt;td&gt;Author&lt;/td&gt;
              &lt;td&gt;Guglielmi, W. (Waltraud)&lt;/td&gt;
            &lt;/tr&gt;
            &lt;tr&gt;
              &lt;td&gt;Publisher&lt;/td&gt;
              &lt;td&gt;E.J. Brill, Leiden, 1991&lt;/td&gt;
            &lt;/tr&gt;
            &lt;tr&gt;
              &lt;td&gt;Language&lt;/td&gt;
              &lt;td&gt;German&lt;/td&gt;
            &lt;/tr&gt;
            &lt;tr&gt;
              &lt;td&gt;Call Number&lt;/td&gt;
              &lt;td&gt;BL2450.M4 H64 1991&lt;/td&gt;
            &lt;/tr&gt;
            &lt;tr&gt;
              &lt;td&gt;Geo Subject&lt;/td&gt;
              &lt;td&gt;Egypt&lt;/td&gt;
            &lt;/tr&gt;
            &lt;tr&gt;
              &lt;td&gt;ID&lt;/td&gt;
              &lt;td&gt;brill_awdl000102&lt;/td&gt;
            &lt;/tr&gt;
          &lt;/table&gt;
        &lt;/div&gt;
</description>
      <Point>
        <coordinates>30.704769546849,24.8259162652548,0</coordinates>
      </Point>
    </Placemark>
    <Placemark id="isaw_aere000001">
      <styleUrl>#redpin</styleUrl>
      <name>Au temps o&#xF9; on lisait le grec en &#xC9;gypte</name>
      <description>
        &lt;div&gt;&lt;/div&gt;
        &lt;div&gt;
          &lt;table&gt;
            &lt;tr&gt;
              &lt;td&gt;Title&lt;/td&gt;
              &lt;td&gt;&lt;a href="http://hdl.handle.net/2333.1/qz612qgg"&gt;Au temps o&#xF9; on lisait le grec en &#xC9;gypte&lt;/a&gt;&lt;/td&gt;
            &lt;/tr&gt;
            &lt;tr&gt;
              &lt;td&gt;Subtitle&lt;/td&gt;
              &lt;td&gt;catalogue de l'exposition de papyrus et d'ostraca&lt;/td&gt;
            &lt;/tr&gt;
            &lt;tr&gt;
              &lt;td&gt;Author&lt;/td&gt;
              &lt;td&gt;Bingen, Jean, editor. - Lewuillon-Blume, Marianne, editor. - Quaegebeur, J. (Jan), editor.&lt;/td&gt;
            &lt;/tr&gt;
            &lt;tr&gt;
              &lt;td&gt;Publisher&lt;/td&gt;
              &lt;td&gt;Fondation &#xE9;gyptologique Reine &#xC9;lisabeth, Bruxelles, 1977&lt;/td&gt;
            &lt;/tr&gt;
            &lt;tr&gt;
              &lt;td&gt;Language&lt;/td&gt;
              &lt;td&gt;French&lt;/td&gt;
            &lt;/tr&gt;
            &lt;tr&gt;
              &lt;td&gt;Call Number&lt;/td&gt;
              &lt;td&gt;PA3306 .B7 1977&lt;/td&gt;
            &lt;/tr&gt;
            &lt;tr&gt;
              &lt;td&gt;Geo Subject&lt;/td&gt;
              &lt;td&gt;Belgium, Brussels, Egypt&lt;/td&gt;
            &lt;/tr&gt;
            &lt;tr&gt;
              &lt;td&gt;ID&lt;/td&gt;
              &lt;td&gt;isaw_aere000001&lt;/td&gt;
            &lt;/tr&gt;
          &lt;/table&gt;
        &lt;/div&gt;
</description>
      <Point>
        <coordinates>5.00085141991852,50.7617936717535,0</coordinates>
      </Point>
    </Placemark>
    <Placemark id="isaw_aere000002">
      <styleUrl>#redpin</styleUrl>
      <name>Grec et Latin en 1989 et 1990</name>
      <description>
        &lt;div&gt;&lt;/div&gt;
        &lt;div&gt;
          &lt;table&gt;
            &lt;tr&gt;
              &lt;td&gt;Title&lt;/td&gt;
              &lt;td&gt;&lt;a href="http://hdl.handle.net/2333.1/9p8czg66"&gt;Grec et Latin en 1989 et 1990&lt;/a&gt;&lt;/td&gt;
            &lt;/tr&gt;
            &lt;tr&gt;
              &lt;td&gt;Subtitle&lt;/td&gt;
              &lt;td&gt;du d&#xE9;sert &#xE9;gyptien au forum de Trajan -- hommage &#xE0; Jean Bingen&lt;/td&gt;
            &lt;/tr&gt;
            &lt;tr&gt;
              &lt;td&gt;Author&lt;/td&gt;
              &lt;td&gt;Bingen, Jean, honoree. - Vir&#xE9;, Ghislaine.&lt;/td&gt;
            &lt;/tr&gt;
            &lt;tr&gt;
              &lt;td&gt;Publisher&lt;/td&gt;
              &lt;td&gt;Universit&#xE9; Libre de Bruxelles, Bruxelles, 1990&lt;/td&gt;
            &lt;/tr&gt;
            &lt;tr&gt;
              &lt;td&gt;Language&lt;/td&gt;
              &lt;td&gt;French&lt;/td&gt;
            &lt;/tr&gt;
            &lt;tr&gt;
              &lt;td&gt;Call Number&lt;/td&gt;
              &lt;td&gt;PA3339 .G74 1990&lt;/td&gt;
            &lt;/tr&gt;
            &lt;tr&gt;
              &lt;td&gt;Geo Subject&lt;/td&gt;
              &lt;td&gt;Belgium, Egypt, Mons Claudianus Site, Mons Claudianus Site (Egypt)&lt;/td&gt;
            &lt;/tr&gt;
            &lt;tr&gt;
              &lt;td&gt;ID&lt;/td&gt;
              &lt;td&gt;isaw_aere000002&lt;/td&gt;
            &lt;/tr&gt;
          &lt;/table&gt;
        &lt;/div&gt;
</description>
      <Point>
        <coordinates>30.88249756637,27.928808338622,0</coordinates>
      </Point>
    </Placemark>
    <Placemark id="isaw_aere000004">
      <styleUrl>#redpin</styleUrl>
      <name>Les ostraca grecs de la collection Charles-Edwin Wilbour au Mus&#xE9;e de Brooklyn</name>
      <description>
        &lt;div&gt;&lt;/div&gt;
        &lt;div&gt;
          &lt;table&gt;
            &lt;tr&gt;
              &lt;td&gt;Title&lt;/td&gt;
              &lt;td&gt;&lt;a href="http://hdl.handle.net/2333.1/6q573xnt"&gt;Les ostraca grecs de la collection Charles-Edwin Wilbour au Mus&#xE9;e de Brooklyn&lt;/a&gt;&lt;/td&gt;
            &lt;/tr&gt;
            &lt;tr&gt;
              &lt;td&gt;Subtitle&lt;/td&gt;
              &lt;td&gt;&lt;/td&gt;
            &lt;/tr&gt;
            &lt;tr&gt;
              &lt;td&gt;Author&lt;/td&gt;
              &lt;td&gt;Pr&#xE9;aux, Claire. - Wilbour, Charles E. (Charles Edwin), 1833-1896 - May, Alan M., former owner.&lt;/td&gt;
            &lt;/tr&gt;
            &lt;tr&gt;
              &lt;td&gt;Publisher&lt;/td&gt;
              &lt;td&gt;Brooklyn Museum, New York, 1935&lt;/td&gt;
            &lt;/tr&gt;
            &lt;tr&gt;
              &lt;td&gt;Language&lt;/td&gt;
              &lt;td&gt;French&lt;/td&gt;
            &lt;/tr&gt;
            &lt;tr&gt;
              &lt;td&gt;Call Number&lt;/td&gt;
              &lt;td&gt;PA3371 .A1 1935b&lt;/td&gt;
            &lt;/tr&gt;
            &lt;tr&gt;
              &lt;td&gt;Geo Subject&lt;/td&gt;
              &lt;td&gt;Egypt&lt;/td&gt;
            &lt;/tr&gt;
            &lt;tr&gt;
              &lt;td&gt;ID&lt;/td&gt;
              &lt;td&gt;isaw_aere000004&lt;/td&gt;
            &lt;/tr&gt;
          &lt;/table&gt;
        &lt;/div&gt;
</description>
      <Point>
        <coordinates>28.0399201253692,26.5146785492928,0</coordinates>
      </Point>
    </Placemark>
    <Placemark id="isaw_aphs000002">
      <styleUrl>#redpin</styleUrl>
      <name>Gears from the Greeks</name>
      <description>
        &lt;div&gt;&lt;/div&gt;
        &lt;div&gt;
          &lt;table&gt;
            &lt;tr&gt;
              &lt;td&gt;Title&lt;/td&gt;
              &lt;td&gt;&lt;a href="http://hdl.handle.net/2333.1/jh9w12dk"&gt;Gears from the Greeks&lt;/a&gt;&lt;/td&gt;
            &lt;/tr&gt;
            &lt;tr&gt;
              &lt;td&gt;Subtitle&lt;/td&gt;
              &lt;td&gt;the Antikythera mechanism : a calendar computer from ca. 80 B.C&lt;/td&gt;
            &lt;/tr&gt;
            &lt;tr&gt;
              &lt;td&gt;Author&lt;/td&gt;
              &lt;td&gt;Price, Derek J. de Solla (Derek John de Solla), 1922-1983&lt;/td&gt;
            &lt;/tr&gt;
            &lt;tr&gt;
              &lt;td&gt;Publisher&lt;/td&gt;
              &lt;td&gt;Science History Publications, New York, 1975-1974&lt;/td&gt;
            &lt;/tr&gt;
            &lt;tr&gt;
              &lt;td&gt;Language&lt;/td&gt;
              &lt;td&gt;English&lt;/td&gt;
            &lt;/tr&gt;
            &lt;tr&gt;
              &lt;td&gt;Call Number&lt;/td&gt;
              &lt;td&gt;QB107 .P74 1975&lt;/td&gt;
            &lt;/tr&gt;
            &lt;tr&gt;
              &lt;td&gt;Geo Subject&lt;/td&gt;
              &lt;td&gt;Antikyth&#x113;ra Island (Greece)&lt;/td&gt;
            &lt;/tr&gt;
            &lt;tr&gt;
              &lt;td&gt;ID&lt;/td&gt;
              &lt;td&gt;isaw_aphs000002&lt;/td&gt;
            &lt;/tr&gt;
          &lt;/table&gt;
        &lt;/div&gt;
</description>
      <Point>
        <coordinates>23.2879798725519,35.8346627210422,0</coordinates>
      </Point>
    </Placemark>
    <Placemark id="isaw_aphs000003">
      <styleUrl>#redpin</styleUrl>
      <name>Census of the exact sciences in Sanskrit</name>
      <description>
        &lt;div&gt;&lt;/div&gt;
        &lt;div&gt;
          &lt;table&gt;
            &lt;tr&gt;
              &lt;td&gt;Title&lt;/td&gt;
              &lt;td&gt;&lt;a href="http://hdl.handle.net/2333.1/dr7sr1xb"&gt;Census of the exact sciences in Sanskrit&lt;/a&gt;&lt;/td&gt;
            &lt;/tr&gt;
            &lt;tr&gt;
              &lt;td&gt;Subtitle&lt;/td&gt;
              &lt;td&gt;&lt;/td&gt;
            &lt;/tr&gt;
            &lt;tr&gt;
              &lt;td&gt;Author&lt;/td&gt;
              &lt;td&gt;Pingree, David Edwin, 1933-2005&lt;/td&gt;
            &lt;/tr&gt;
            &lt;tr&gt;
              &lt;td&gt;Publisher&lt;/td&gt;
              &lt;td&gt;American Philosophical Society, Philadelphia, 1970&lt;/td&gt;
            &lt;/tr&gt;
            &lt;tr&gt;
              &lt;td&gt;Language&lt;/td&gt;
              &lt;td&gt;English&lt;/td&gt;
            &lt;/tr&gt;
            &lt;tr&gt;
              &lt;td&gt;Call Number&lt;/td&gt;
              &lt;td&gt;Q11 .P612 vol. 81, etc.&lt;/td&gt;
            &lt;/tr&gt;
            &lt;tr&gt;
              &lt;td&gt;Geo Subject&lt;/td&gt;
              &lt;td&gt;India&lt;/td&gt;
            &lt;/tr&gt;
            &lt;tr&gt;
              &lt;td&gt;ID&lt;/td&gt;
              &lt;td&gt;isaw_aphs000003&lt;/td&gt;
            &lt;/tr&gt;
          &lt;/table&gt;
        &lt;/div&gt;
</description>
      <Point>
        <coordinates>78.9130160192704,19.8521575143921,0</coordinates>
      </Point>
    </Placemark>
    <Placemark id="isaw_aphs000004">
      <styleUrl>#redpin</styleUrl>
      <name>Census of the exact sciences in Sanskrit</name>
      <description>
        &lt;div&gt;&lt;/div&gt;
        &lt;div&gt;
          &lt;table&gt;
            &lt;tr&gt;
              &lt;td&gt;Title&lt;/td&gt;
              &lt;td&gt;&lt;a href="http://hdl.handle.net/2333.1/905qg1d7"&gt;Census of the exact sciences in Sanskrit&lt;/a&gt;&lt;/td&gt;
            &lt;/tr&gt;
            &lt;tr&gt;
              &lt;td&gt;Subtitle&lt;/td&gt;
              &lt;td&gt;&lt;/td&gt;
            &lt;/tr&gt;
            &lt;tr&gt;
              &lt;td&gt;Author&lt;/td&gt;
              &lt;td&gt;Pingree, David Edwin, 1933-2005&lt;/td&gt;
            &lt;/tr&gt;
            &lt;tr&gt;
              &lt;td&gt;Publisher&lt;/td&gt;
              &lt;td&gt;American Philosophical Society, Philadelphia, 1970&lt;/td&gt;
            &lt;/tr&gt;
            &lt;tr&gt;
              &lt;td&gt;Language&lt;/td&gt;
              &lt;td&gt;English&lt;/td&gt;
            &lt;/tr&gt;
            &lt;tr&gt;
              &lt;td&gt;Call Number&lt;/td&gt;
              &lt;td&gt;Q11 .P612 vol. 81, etc.&lt;/td&gt;
            &lt;/tr&gt;
            &lt;tr&gt;
              &lt;td&gt;Geo Subject&lt;/td&gt;
              &lt;td&gt;India&lt;/td&gt;
            &lt;/tr&gt;
            &lt;tr&gt;
              &lt;td&gt;ID&lt;/td&gt;
              &lt;td&gt;isaw_aphs000004&lt;/td&gt;
            &lt;/tr&gt;
          &lt;/table&gt;
        &lt;/div&gt;
</description>
      <Point>
        <coordinates>76.4808157289702,24.9357860526316,0</coordinates>
      </Point>
    </Placemark>
    <Placemark id="isaw_aphs000005">
      <styleUrl>#redpin</styleUrl>
      <name>Census of the exact sciences in Sanskrit</name>
      <description>
        &lt;div&gt;&lt;/div&gt;
        &lt;div&gt;
          &lt;table&gt;
            &lt;tr&gt;
              &lt;td&gt;Title&lt;/td&gt;
              &lt;td&gt;&lt;a href="http://hdl.handle.net/2333.1/573n60td"&gt;Census of the exact sciences in Sanskrit&lt;/a&gt;&lt;/td&gt;
            &lt;/tr&gt;
            &lt;tr&gt;
              &lt;td&gt;Subtitle&lt;/td&gt;
              &lt;td&gt;&lt;/td&gt;
            &lt;/tr&gt;
            &lt;tr&gt;
              &lt;td&gt;Author&lt;/td&gt;
              &lt;td&gt;Pingree, David Edwin, 1933-2005&lt;/td&gt;
            &lt;/tr&gt;
            &lt;tr&gt;
              &lt;td&gt;Publisher&lt;/td&gt;
              &lt;td&gt;American Philosophical Society, Philadelphia, 1970&lt;/td&gt;
            &lt;/tr&gt;
            &lt;tr&gt;
              &lt;td&gt;Language&lt;/td&gt;
              &lt;td&gt;English&lt;/td&gt;
            &lt;/tr&gt;
            &lt;tr&gt;
              &lt;td&gt;Call Number&lt;/td&gt;
              &lt;td&gt;Q11 .P612 vol. 81, etc.&lt;/td&gt;
            &lt;/tr&gt;
            &lt;tr&gt;
              &lt;td&gt;Geo Subject&lt;/td&gt;
              &lt;td&gt;India&lt;/td&gt;
            &lt;/tr&gt;
            &lt;tr&gt;
              &lt;td&gt;ID&lt;/td&gt;
              &lt;td&gt;isaw_aphs000005&lt;/td&gt;
            &lt;/tr&gt;
          &lt;/table&gt;
        &lt;/div&gt;
</description>
      <Point>
        <coordinates>80.4051995067841,24.3098369710594,0</coordinates>
      </Point>
    </Placemark>
    <Placemark id="isaw_aphs000006">
      <styleUrl>#redpin</styleUrl>
      <name>Census of the exact sciences in Sanskrit</name>
      <description>
        &lt;div&gt;&lt;/div&gt;
        &lt;div&gt;
          &lt;table&gt;
            &lt;tr&gt;
              &lt;td&gt;Title&lt;/td&gt;
              &lt;td&gt;&lt;a href="http://hdl.handle.net/2333.1/2z34tx4j"&gt;Census of the exact sciences in Sanskrit&lt;/a&gt;&lt;/td&gt;
            &lt;/tr&gt;
            &lt;tr&gt;
              &lt;td&gt;Subtitle&lt;/td&gt;
              &lt;td&gt;&lt;/td&gt;
            &lt;/tr&gt;
            &lt;tr&gt;
              &lt;td&gt;Author&lt;/td&gt;
              &lt;td&gt;Pingree, David Edwin, 1933-2005&lt;/td&gt;
            &lt;/tr&gt;
            &lt;tr&gt;
              &lt;td&gt;Publisher&lt;/td&gt;
              &lt;td&gt;American Philosophical Society, Philadelphia, 1970&lt;/td&gt;
            &lt;/tr&gt;
            &lt;tr&gt;
              &lt;td&gt;Language&lt;/td&gt;
              &lt;td&gt;English&lt;/td&gt;
            &lt;/tr&gt;
            &lt;tr&gt;
              &lt;td&gt;Call Number&lt;/td&gt;
              &lt;td&gt;Q11 .P612 vol. 81, etc.&lt;/td&gt;
            &lt;/tr&gt;
            &lt;tr&gt;
              &lt;td&gt;Geo Subject&lt;/td&gt;
              &lt;td&gt;India&lt;/td&gt;
            &lt;/tr&gt;
            &lt;tr&gt;
              &lt;td&gt;ID&lt;/td&gt;
              &lt;td&gt;isaw_aphs000006&lt;/td&gt;
            &lt;/tr&gt;
          &lt;/table&gt;
        &lt;/div&gt;
</description>
      <Point>
        <coordinates>78.7154630234389,22.8574241710149,0</coordinates>
      </Point>
    </Placemark>
    <Placemark id="isaw_aphs000008">
      <styleUrl>#redpin</styleUrl>
      <name>Public organization in ancient Greece</name>
      <description>
        &lt;div&gt;&lt;/div&gt;
        &lt;div&gt;
          &lt;table&gt;
            &lt;tr&gt;
              &lt;td&gt;Title&lt;/td&gt;
              &lt;td&gt;&lt;a href="http://hdl.handle.net/2333.1/vdnck30q"&gt;Public organization in ancient Greece&lt;/a&gt;&lt;/td&gt;
            &lt;/tr&gt;
            &lt;tr&gt;
              &lt;td&gt;Subtitle&lt;/td&gt;
              &lt;td&gt;a documentary study&lt;/td&gt;
            &lt;/tr&gt;
            &lt;tr&gt;
              &lt;td&gt;Author&lt;/td&gt;
              &lt;td&gt;Jones, Nicholas F.&lt;/td&gt;
            &lt;/tr&gt;
            &lt;tr&gt;
              &lt;td&gt;Publisher&lt;/td&gt;
              &lt;td&gt;American Philosophical Society, Philadelphia, 1987&lt;/td&gt;
            &lt;/tr&gt;
            &lt;tr&gt;
              &lt;td&gt;Language&lt;/td&gt;
              &lt;td&gt;English&lt;/td&gt;
            &lt;/tr&gt;
            &lt;tr&gt;
              &lt;td&gt;Call Number&lt;/td&gt;
              &lt;td&gt;&lt;/td&gt;
            &lt;/tr&gt;
            &lt;tr&gt;
              &lt;td&gt;Geo Subject&lt;/td&gt;
              &lt;td&gt;Greece&lt;/td&gt;
            &lt;/tr&gt;
            &lt;tr&gt;
              &lt;td&gt;ID&lt;/td&gt;
              &lt;td&gt;isaw_aphs000008&lt;/td&gt;
            &lt;/tr&gt;
          &lt;/table&gt;
        &lt;/div&gt;
</description>
      <Point>
        <coordinates>21.3373521925299,39.2246984464299,0</coordinates>
      </Point>
    </Placemark>
    <Placemark id="isaw_aphs000010">
      <styleUrl>#redpin</styleUrl>
      <name>Kronos, Shiva, &amp; Asklepios</name>
      <description>
        &lt;div&gt;&lt;/div&gt;
        &lt;div&gt;
          &lt;table&gt;
            &lt;tr&gt;
              &lt;td&gt;Title&lt;/td&gt;
              &lt;td&gt;&lt;a href="http://hdl.handle.net/2333.1/2547df4h"&gt;Kronos, Shiva, &amp; Asklepios&lt;/a&gt;&lt;/td&gt;
            &lt;/tr&gt;
            &lt;tr&gt;
              &lt;td&gt;Subtitle&lt;/td&gt;
              &lt;td&gt;studies in magical gems and religions of the Roman Empire&lt;/td&gt;
            &lt;/tr&gt;
            &lt;tr&gt;
              &lt;td&gt;Author&lt;/td&gt;
              &lt;td&gt;Mastrocinque, Attilio.&lt;/td&gt;
            &lt;/tr&gt;
            &lt;tr&gt;
              &lt;td&gt;Publisher&lt;/td&gt;
              &lt;td&gt;American Philosophical Society, Philadelphia, 2011&lt;/td&gt;
            &lt;/tr&gt;
            &lt;tr&gt;
              &lt;td&gt;Language&lt;/td&gt;
              &lt;td&gt;English&lt;/td&gt;
            &lt;/tr&gt;
            &lt;tr&gt;
              &lt;td&gt;Call Number&lt;/td&gt;
              &lt;td&gt;BF1442.P74 M37 2012&lt;/td&gt;
            &lt;/tr&gt;
            &lt;tr&gt;
              &lt;td&gt;Geo Subject&lt;/td&gt;
              &lt;td&gt;Rome&lt;/td&gt;
            &lt;/tr&gt;
            &lt;tr&gt;
              &lt;td&gt;ID&lt;/td&gt;
              &lt;td&gt;isaw_aphs000010&lt;/td&gt;
            &lt;/tr&gt;
          &lt;/table&gt;
        &lt;/div&gt;
</description>
      <Point>
        <coordinates>12.4879118912432,41.9160473947221,0</coordinates>
      </Point>
    </Placemark>
    <Placemark id="isaw_aphs000015">
      <styleUrl>#redpin</styleUrl>
      <name>Athletics and mathematics in Archaic Corinth</name>
      <description>
        &lt;div&gt;&lt;/div&gt;
        &lt;div&gt;
          &lt;table&gt;
            &lt;tr&gt;
              &lt;td&gt;Title&lt;/td&gt;
              &lt;td&gt;&lt;a href="http://hdl.handle.net/2333.1/nzs7h9fh"&gt;Athletics and mathematics in Archaic Corinth&lt;/a&gt;&lt;/td&gt;
            &lt;/tr&gt;
            &lt;tr&gt;
              &lt;td&gt;Subtitle&lt;/td&gt;
              &lt;td&gt;the origins of the Greek Stadion&lt;/td&gt;
            &lt;/tr&gt;
            &lt;tr&gt;
              &lt;td&gt;Author&lt;/td&gt;
              &lt;td&gt;Romano, David Gilman, 1946-&lt;/td&gt;
            &lt;/tr&gt;
            &lt;tr&gt;
              &lt;td&gt;Publisher&lt;/td&gt;
              &lt;td&gt;American Philosophical Society, Philadelphia, 1993&lt;/td&gt;
            &lt;/tr&gt;
            &lt;tr&gt;
              &lt;td&gt;Language&lt;/td&gt;
              &lt;td&gt;English&lt;/td&gt;
            &lt;/tr&gt;
            &lt;tr&gt;
              &lt;td&gt;Call Number&lt;/td&gt;
              &lt;td&gt;&lt;/td&gt;
            &lt;/tr&gt;
            &lt;tr&gt;
              &lt;td&gt;Geo Subject&lt;/td&gt;
              &lt;td&gt;Greece, Peloponnesus, Peloponnesus (Greece : Peninsula)&lt;/td&gt;
            &lt;/tr&gt;
            &lt;tr&gt;
              &lt;td&gt;ID&lt;/td&gt;
              &lt;td&gt;isaw_aphs000015&lt;/td&gt;
            &lt;/tr&gt;
          &lt;/table&gt;
        &lt;/div&gt;
</description>
      <Point>
        <coordinates>22.1953513762642,38.5747891365173,0</coordinates>
      </Point>
    </Placemark>
    <Placemark id="isaw_aphs000016">
      <styleUrl>#redpin</styleUrl>
      <name>The slave systems of Greek and Roman antiquity</name>
      <description>
        &lt;div&gt;&lt;/div&gt;
        &lt;div&gt;
          &lt;table&gt;
            &lt;tr&gt;
              &lt;td&gt;Title&lt;/td&gt;
              &lt;td&gt;&lt;a href="http://hdl.handle.net/2333.1/1g1jx094"&gt;The slave systems of Greek and Roman antiquity&lt;/a&gt;&lt;/td&gt;
            &lt;/tr&gt;
            &lt;tr&gt;
              &lt;td&gt;Subtitle&lt;/td&gt;
              &lt;td&gt;&lt;/td&gt;
            &lt;/tr&gt;
            &lt;tr&gt;
              &lt;td&gt;Author&lt;/td&gt;
              &lt;td&gt;Westermann, William Linn, 1873-1954 - Whittaker, C. R., former owner.&lt;/td&gt;
            &lt;/tr&gt;
            &lt;tr&gt;
              &lt;td&gt;Publisher&lt;/td&gt;
              &lt;td&gt;American Philosophical Society, Philadelphia, 1955&lt;/td&gt;
            &lt;/tr&gt;
            &lt;tr&gt;
              &lt;td&gt;Language&lt;/td&gt;
              &lt;td&gt;English&lt;/td&gt;
            &lt;/tr&gt;
            &lt;tr&gt;
              &lt;td&gt;Call Number&lt;/td&gt;
              &lt;td&gt;Q11 .P612 vol.40&lt;/td&gt;
            &lt;/tr&gt;
            &lt;tr&gt;
              &lt;td&gt;Geo Subject&lt;/td&gt;
              &lt;td&gt;Greece, Rome&lt;/td&gt;
            &lt;/tr&gt;
            &lt;tr&gt;
              &lt;td&gt;ID&lt;/td&gt;
              &lt;td&gt;isaw_aphs000016&lt;/td&gt;
            &lt;/tr&gt;
          &lt;/table&gt;
        &lt;/div&gt;
</description>
      <Point>
        <coordinates>22.5023989571386,39.0121278455375,0</coordinates>
      </Point>
    </Placemark>
    <Placemark id="isaw_aphs000018">
      <styleUrl>#redpin</styleUrl>
      <name>Images, power, and politics</name>
      <description>
        &lt;div&gt;&lt;/div&gt;
        &lt;div&gt;
          &lt;table&gt;
            &lt;tr&gt;
              &lt;td&gt;Title&lt;/td&gt;
              &lt;td&gt;&lt;a href="http://hdl.handle.net/2333.1/j6q578zf"&gt;Images, power, and politics&lt;/a&gt;&lt;/td&gt;
            &lt;/tr&gt;
            &lt;tr&gt;
              &lt;td&gt;Subtitle&lt;/td&gt;
              &lt;td&gt;figurative aspects of Esarhaddon's Babylonian policy&lt;/td&gt;
            &lt;/tr&gt;
            &lt;tr&gt;
              &lt;td&gt;Author&lt;/td&gt;
              &lt;td&gt;Porter, Barbara N. - Tadmor, Miriam, former owner. - Tadmor, Hayim, former owner.&lt;/td&gt;
            &lt;/tr&gt;
            &lt;tr&gt;
              &lt;td&gt;Publisher&lt;/td&gt;
              &lt;td&gt;American Philosophical Society, Philadelphia, 1993&lt;/td&gt;
            &lt;/tr&gt;
            &lt;tr&gt;
              &lt;td&gt;Language&lt;/td&gt;
              &lt;td&gt;English&lt;/td&gt;
            &lt;/tr&gt;
            &lt;tr&gt;
              &lt;td&gt;Call Number&lt;/td&gt;
              &lt;td&gt;&lt;/td&gt;
            &lt;/tr&gt;
            &lt;tr&gt;
              &lt;td&gt;Geo Subject&lt;/td&gt;
              &lt;td&gt;Assyria&lt;/td&gt;
            &lt;/tr&gt;
            &lt;tr&gt;
              &lt;td&gt;ID&lt;/td&gt;
              &lt;td&gt;isaw_aphs000018&lt;/td&gt;
            &lt;/tr&gt;
          &lt;/table&gt;
        &lt;/div&gt;
</description>
      <Point>
        <coordinates>43.2711755392163,35.4607962901915,0</coordinates>
      </Point>
    </Placemark>
    <Placemark id="isaw_aphs000025">
      <styleUrl>#redpin</styleUrl>
      <name>The sacred officials of the Eleusinian Mysteries</name>
      <description>
        &lt;div&gt;&lt;/div&gt;
        &lt;div&gt;
          &lt;table&gt;
            &lt;tr&gt;
              &lt;td&gt;Title&lt;/td&gt;
              &lt;td&gt;&lt;a href="http://hdl.handle.net/2333.1/kwh711z1"&gt;The sacred officials of the Eleusinian Mysteries&lt;/a&gt;&lt;/td&gt;
            &lt;/tr&gt;
            &lt;tr&gt;
              &lt;td&gt;Subtitle&lt;/td&gt;
              &lt;td&gt;&lt;/td&gt;
            &lt;/tr&gt;
            &lt;tr&gt;
              &lt;td&gt;Author&lt;/td&gt;
              &lt;td&gt;Clinton, Kevin.&lt;/td&gt;
            &lt;/tr&gt;
            &lt;tr&gt;
              &lt;td&gt;Publisher&lt;/td&gt;
              &lt;td&gt;American Philosophical Society, Philadelphia, 1974&lt;/td&gt;
            &lt;/tr&gt;
            &lt;tr&gt;
              &lt;td&gt;Language&lt;/td&gt;
              &lt;td&gt;English&lt;/td&gt;
            &lt;/tr&gt;
            &lt;tr&gt;
              &lt;td&gt;Call Number&lt;/td&gt;
              &lt;td&gt;DF261.E4 C56 1974&lt;/td&gt;
            &lt;/tr&gt;
            &lt;tr&gt;
              &lt;td&gt;Geo Subject&lt;/td&gt;
              &lt;td&gt;Eleusis (Greece)&lt;/td&gt;
            &lt;/tr&gt;
            &lt;tr&gt;
              &lt;td&gt;ID&lt;/td&gt;
              &lt;td&gt;isaw_aphs000025&lt;/td&gt;
            &lt;/tr&gt;
          &lt;/table&gt;
        &lt;/div&gt;
</description>
      <Point>
        <coordinates>23.5614327596688,38.0701050278467,0</coordinates>
      </Point>
    </Placemark>
    <Placemark id="isaw_aphs000028">
      <styleUrl>#redpin</styleUrl>
      <name>Paradise restored</name>
      <description>
        &lt;div&gt;&lt;/div&gt;
        &lt;div&gt;
          &lt;table&gt;
            &lt;tr&gt;
              &lt;td&gt;Title&lt;/td&gt;
              &lt;td&gt;&lt;a href="http://hdl.handle.net/2333.1/8pk0p7z2"&gt;Paradise restored&lt;/a&gt;&lt;/td&gt;
            &lt;/tr&gt;
            &lt;tr&gt;
              &lt;td&gt;Subtitle&lt;/td&gt;
              &lt;td&gt;the mechanical arts from antiquity through the thirteenth century&lt;/td&gt;
            &lt;/tr&gt;
            &lt;tr&gt;
              &lt;td&gt;Author&lt;/td&gt;
              &lt;td&gt;Whitney, Elspeth.&lt;/td&gt;
            &lt;/tr&gt;
            &lt;tr&gt;
              &lt;td&gt;Publisher&lt;/td&gt;
              &lt;td&gt;The American Philosophical Society, Philadelphia, 1990&lt;/td&gt;
            &lt;/tr&gt;
            &lt;tr&gt;
              &lt;td&gt;Language&lt;/td&gt;
              &lt;td&gt;English&lt;/td&gt;
            &lt;/tr&gt;
            &lt;tr&gt;
              &lt;td&gt;Call Number&lt;/td&gt;
              &lt;td&gt;&lt;/td&gt;
            &lt;/tr&gt;
            &lt;tr&gt;
              &lt;td&gt;Geo Subject&lt;/td&gt;
              &lt;td&gt;Europe&lt;/td&gt;
            &lt;/tr&gt;
            &lt;tr&gt;
              &lt;td&gt;ID&lt;/td&gt;
              &lt;td&gt;isaw_aphs000028&lt;/td&gt;
            &lt;/tr&gt;
          &lt;/table&gt;
        &lt;/div&gt;
</description>
      <Point>
        <coordinates>10.0182568928617,51.0448014911571,0</coordinates>
      </Point>
    </Placemark>
    <Placemark id="isaw_aphs000029">
      <styleUrl>#redpin</styleUrl>
      <name>Octavian's campsite memorial for the Actian War</name>
      <description>
        &lt;div&gt;&lt;/div&gt;
        &lt;div&gt;
          &lt;table&gt;
            &lt;tr&gt;
              &lt;td&gt;Title&lt;/td&gt;
              &lt;td&gt;&lt;a href="http://hdl.handle.net/2333.1/4xgxd7dk"&gt;Octavian's campsite memorial for the Actian War&lt;/a&gt;&lt;/td&gt;
            &lt;/tr&gt;
            &lt;tr&gt;
              &lt;td&gt;Subtitle&lt;/td&gt;
              &lt;td&gt;&lt;/td&gt;
            &lt;/tr&gt;
            &lt;tr&gt;
              &lt;td&gt;Author&lt;/td&gt;
              &lt;td&gt;Murray, William Michael. - Petsas, Ph. M. (Ph&#x14D;tios Micha&#x113;l), 1918-&lt;/td&gt;
            &lt;/tr&gt;
            &lt;tr&gt;
              &lt;td&gt;Publisher&lt;/td&gt;
              &lt;td&gt;American Philosophical Society, Philadelphia, 1989&lt;/td&gt;
            &lt;/tr&gt;
            &lt;tr&gt;
              &lt;td&gt;Language&lt;/td&gt;
              &lt;td&gt;English&lt;/td&gt;
            &lt;/tr&gt;
            &lt;tr&gt;
              &lt;td&gt;Call Number&lt;/td&gt;
              &lt;td&gt;&lt;/td&gt;
            &lt;/tr&gt;
            &lt;tr&gt;
              &lt;td&gt;Geo Subject&lt;/td&gt;
              &lt;td&gt;Rome&lt;/td&gt;
            &lt;/tr&gt;
            &lt;tr&gt;
              &lt;td&gt;ID&lt;/td&gt;
              &lt;td&gt;isaw_aphs000029&lt;/td&gt;
            &lt;/tr&gt;
          &lt;/table&gt;
        &lt;/div&gt;
</description>
      <Point>
        <coordinates>12.4661563558266,41.9023880297415,0</coordinates>
      </Point>
    </Placemark>
    <Placemark id="isaw_aphs000034">
      <styleUrl>#redpin</styleUrl>
      <name>Candidates defeated in Roman elections</name>
      <description>
        &lt;div&gt;&lt;/div&gt;
        &lt;div&gt;
          &lt;table&gt;
            &lt;tr&gt;
              &lt;td&gt;Title&lt;/td&gt;
              &lt;td&gt;&lt;a href="http://hdl.handle.net/2333.1/n8pk0vpm"&gt;Candidates defeated in Roman elections&lt;/a&gt;&lt;/td&gt;
            &lt;/tr&gt;
            &lt;tr&gt;
              &lt;td&gt;Subtitle&lt;/td&gt;
              &lt;td&gt;some ancient Roman "also-rans"&lt;/td&gt;
            &lt;/tr&gt;
            &lt;tr&gt;
              &lt;td&gt;Author&lt;/td&gt;
              &lt;td&gt;Broughton, T. Robert S. (Thomas Robert Shannon), 1900-&lt;/td&gt;
            &lt;/tr&gt;
            &lt;tr&gt;
              &lt;td&gt;Publisher&lt;/td&gt;
              &lt;td&gt;American Philosophical Society, Philadelphia, 1991&lt;/td&gt;
            &lt;/tr&gt;
            &lt;tr&gt;
              &lt;td&gt;Language&lt;/td&gt;
              &lt;td&gt;English&lt;/td&gt;
            &lt;/tr&gt;
            &lt;tr&gt;
              &lt;td&gt;Call Number&lt;/td&gt;
              &lt;td&gt;&lt;/td&gt;
            &lt;/tr&gt;
            &lt;tr&gt;
              &lt;td&gt;Geo Subject&lt;/td&gt;
              &lt;td&gt;Rome&lt;/td&gt;
            &lt;/tr&gt;
            &lt;tr&gt;
              &lt;td&gt;ID&lt;/td&gt;
              &lt;td&gt;isaw_aphs000034&lt;/td&gt;
            &lt;/tr&gt;
          &lt;/table&gt;
        &lt;/div&gt;
</description>
      <Point>
        <coordinates>12.4732062862916,41.9065354209667,0</coordinates>
      </Point>
    </Placemark>
    <Placemark id="isaw_aphs000035">
      <styleUrl>#redpin</styleUrl>
      <name>Kos between Hellenism and Rome</name>
      <description>
        &lt;div&gt;&lt;/div&gt;
        &lt;div&gt;
          &lt;table&gt;
            &lt;tr&gt;
              &lt;td&gt;Title&lt;/td&gt;
              &lt;td&gt;&lt;a href="http://hdl.handle.net/2333.1/z612jwsf"&gt;Kos between Hellenism and Rome&lt;/a&gt;&lt;/td&gt;
            &lt;/tr&gt;
            &lt;tr&gt;
              &lt;td&gt;Subtitle&lt;/td&gt;
              &lt;td&gt;studies on the political, institutional, and social history of Kos from ca. the middle second century B.C. until late antiquity&lt;/td&gt;
            &lt;/tr&gt;
            &lt;tr&gt;
              &lt;td&gt;Author&lt;/td&gt;
              &lt;td&gt;Buraselis, Kostas.&lt;/td&gt;
            &lt;/tr&gt;
            &lt;tr&gt;
              &lt;td&gt;Publisher&lt;/td&gt;
              &lt;td&gt;American Philosophical Society, Philadelphia, 2000&lt;/td&gt;
            &lt;/tr&gt;
            &lt;tr&gt;
              &lt;td&gt;Language&lt;/td&gt;
              &lt;td&gt;English&lt;/td&gt;
            &lt;/tr&gt;
            &lt;tr&gt;
              &lt;td&gt;Call Number&lt;/td&gt;
              &lt;td&gt;DF261.C7 B87 2000&lt;/td&gt;
            &lt;/tr&gt;
            &lt;tr&gt;
              &lt;td&gt;Geo Subject&lt;/td&gt;
              &lt;td&gt;Greece, K&#x14D;s (Greece : Municipality), Rome&lt;/td&gt;
            &lt;/tr&gt;
            &lt;tr&gt;
              &lt;td&gt;ID&lt;/td&gt;
              &lt;td&gt;isaw_aphs000035&lt;/td&gt;
            &lt;/tr&gt;
          &lt;/table&gt;
        &lt;/div&gt;
</description>
      <Point>
        <coordinates>27.2601179475856,36.9281590405829,0</coordinates>
      </Point>
    </Placemark>
    <Placemark id="isaw_aphs000041">
      <styleUrl>#redpin</styleUrl>
      <name>Vita viri clarissimi et famosissimi Kyriaci Anconitani</name>
      <description>
        &lt;div&gt;&lt;/div&gt;
        &lt;div&gt;
          &lt;table&gt;
            &lt;tr&gt;
              &lt;td&gt;Title&lt;/td&gt;
              &lt;td&gt;&lt;a href="http://hdl.handle.net/2333.1/wdbrv6kf"&gt;Vita viri clarissimi et famosissimi Kyriaci Anconitani&lt;/a&gt;&lt;/td&gt;
            &lt;/tr&gt;
            &lt;tr&gt;
              &lt;td&gt;Subtitle&lt;/td&gt;
              &lt;td&gt;&lt;/td&gt;
            &lt;/tr&gt;
            &lt;tr&gt;
              &lt;td&gt;Author&lt;/td&gt;
              &lt;td&gt;Scalamonti, Francesco. - Mitchell, Charles, 1912-1995 - Bodnar, Edward W.&lt;/td&gt;
            &lt;/tr&gt;
            &lt;tr&gt;
              &lt;td&gt;Publisher&lt;/td&gt;
              &lt;td&gt;American Philosophical Society, Philadelphia, PA, 1996&lt;/td&gt;
            &lt;/tr&gt;
            &lt;tr&gt;
              &lt;td&gt;Language&lt;/td&gt;
              &lt;td&gt;English&lt;/td&gt;
            &lt;/tr&gt;
            &lt;tr&gt;
              &lt;td&gt;Call Number&lt;/td&gt;
              &lt;td&gt;CC115.C57 S28 1996&lt;/td&gt;
            &lt;/tr&gt;
            &lt;tr&gt;
              &lt;td&gt;Geo Subject&lt;/td&gt;
              &lt;td&gt;Italy, Mediterranean Region&lt;/td&gt;
            &lt;/tr&gt;
            &lt;tr&gt;
              &lt;td&gt;ID&lt;/td&gt;
              &lt;td&gt;isaw_aphs000041&lt;/td&gt;
            &lt;/tr&gt;
          &lt;/table&gt;
        &lt;/div&gt;
</description>
      <Point>
        <coordinates>13.9318475232183,43.1338915753699,0</coordinates>
      </Point>
    </Placemark>
    <Placemark id="isaw_aphs000043">
      <styleUrl>#redpin</styleUrl>
      <name>Alexander the Great</name>
      <description>
        &lt;div&gt;&lt;/div&gt;
        &lt;div&gt;
          &lt;table&gt;
            &lt;tr&gt;
              &lt;td&gt;Title&lt;/td&gt;
              &lt;td&gt;&lt;a href="http://hdl.handle.net/2333.1/pnvx0vt8"&gt;Alexander the Great&lt;/a&gt;&lt;/td&gt;
            &lt;/tr&gt;
            &lt;tr&gt;
              &lt;td&gt;Subtitle&lt;/td&gt;
              &lt;td&gt;coinage, finances, and policy&lt;/td&gt;
            &lt;/tr&gt;
            &lt;tr&gt;
              &lt;td&gt;Author&lt;/td&gt;
              &lt;td&gt;Le Rider, Georges. - Higgins, W. E. (William Edward), 1945-&lt;/td&gt;
            &lt;/tr&gt;
            &lt;tr&gt;
              &lt;td&gt;Publisher&lt;/td&gt;
              &lt;td&gt;American Philosophical Society, Philadelphia, 2007&lt;/td&gt;
            &lt;/tr&gt;
            &lt;tr&gt;
              &lt;td&gt;Language&lt;/td&gt;
              &lt;td&gt;English&lt;/td&gt;
            &lt;/tr&gt;
            &lt;tr&gt;
              &lt;td&gt;Call Number&lt;/td&gt;
              &lt;td&gt;CJ405 .L413 2007&lt;/td&gt;
            &lt;/tr&gt;
            &lt;tr&gt;
              &lt;td&gt;Geo Subject&lt;/td&gt;
              &lt;td&gt;Greece&lt;/td&gt;
            &lt;/tr&gt;
            &lt;tr&gt;
              &lt;td&gt;ID&lt;/td&gt;
              &lt;td&gt;isaw_aphs000043&lt;/td&gt;
            &lt;/tr&gt;
          &lt;/table&gt;
        &lt;/div&gt;
</description>
      <Point>
        <coordinates>22.6786831528151,38.6826771179488,0</coordinates>
      </Point>
    </Placemark>
    <Placemark id="isaw_asp000002">
      <styleUrl>#redpin</styleUrl>
      <name>Yale papyri in the Beinecke Rare Book and Manuscript Library</name>
      <description>
        &lt;div&gt;&lt;/div&gt;
        &lt;div&gt;
          &lt;table&gt;
            &lt;tr&gt;
              &lt;td&gt;Title&lt;/td&gt;
              &lt;td&gt;&lt;a href="http://hdl.handle.net/2333.1/vdncjzkt"&gt;Yale papyri in the Beinecke Rare Book and Manuscript Library&lt;/a&gt;&lt;/td&gt;
            &lt;/tr&gt;
            &lt;tr&gt;
              &lt;td&gt;Subtitle&lt;/td&gt;
              &lt;td&gt;&lt;/td&gt;
            &lt;/tr&gt;
            &lt;tr&gt;
              &lt;td&gt;Author&lt;/td&gt;
              &lt;td&gt;Oates, John F. - Samuel, Alan Edouard, joint author. - Welles, C. Bradford (Charles Bradford), 1901-, joint author. - Stephens, Susan A.&lt;/td&gt;
            &lt;/tr&gt;
            &lt;tr&gt;
              &lt;td&gt;Publisher&lt;/td&gt;
              &lt;td&gt;American Society of Papyrologists, New Haven, 1967&lt;/td&gt;
            &lt;/tr&gt;
            &lt;tr&gt;
              &lt;td&gt;Language&lt;/td&gt;
              &lt;td&gt;Greek, Ancient (to 1453)&lt;/td&gt;
            &lt;/tr&gt;
            &lt;tr&gt;
              &lt;td&gt;Call Number&lt;/td&gt;
              &lt;td&gt;Z6604 .O2 1967&lt;/td&gt;
            &lt;/tr&gt;
            &lt;tr&gt;
              &lt;td&gt;Geo Subject&lt;/td&gt;
              &lt;td&gt;Connecticut, New Haven&lt;/td&gt;
            &lt;/tr&gt;
            &lt;tr&gt;
              &lt;td&gt;ID&lt;/td&gt;
              &lt;td&gt;isaw_asp000002&lt;/td&gt;
            &lt;/tr&gt;
          &lt;/table&gt;
        &lt;/div&gt;
</description>
      <Point>
        <coordinates>-72.7052718096905,41.6427533654677,0</coordinates>
      </Point>
    </Placemark>
    <Placemark id="isaw_asp000003">
      <styleUrl>#redpin</styleUrl>
      <name>Inventory of compulsory services in Ptolemaic and Roman Egypt</name>
      <description>
        &lt;div&gt;&lt;/div&gt;
        &lt;div&gt;
          &lt;table&gt;
            &lt;tr&gt;
              &lt;td&gt;Title&lt;/td&gt;
              &lt;td&gt;&lt;a href="http://hdl.handle.net/2333.1/547d809c"&gt;Inventory of compulsory services in Ptolemaic and Roman Egypt&lt;/a&gt;&lt;/td&gt;
            &lt;/tr&gt;
            &lt;tr&gt;
              &lt;td&gt;Subtitle&lt;/td&gt;
              &lt;td&gt;&lt;/td&gt;
            &lt;/tr&gt;
            &lt;tr&gt;
              &lt;td&gt;Author&lt;/td&gt;
              &lt;td&gt;Lewis, Naphtali.&lt;/td&gt;
            &lt;/tr&gt;
            &lt;tr&gt;
              &lt;td&gt;Publisher&lt;/td&gt;
              &lt;td&gt;American Society of Papyrologists, New Haven, 1968&lt;/td&gt;
            &lt;/tr&gt;
            &lt;tr&gt;
              &lt;td&gt;Language&lt;/td&gt;
              &lt;td&gt;English&lt;/td&gt;
            &lt;/tr&gt;
            &lt;tr&gt;
              &lt;td&gt;Call Number&lt;/td&gt;
              &lt;td&gt;JC66 .L47&lt;/td&gt;
            &lt;/tr&gt;
            &lt;tr&gt;
              &lt;td&gt;Geo Subject&lt;/td&gt;
              &lt;td&gt;Egypt&lt;/td&gt;
            &lt;/tr&gt;
            &lt;tr&gt;
              &lt;td&gt;ID&lt;/td&gt;
              &lt;td&gt;isaw_asp000003&lt;/td&gt;
            &lt;/tr&gt;
          &lt;/table&gt;
        &lt;/div&gt;
</description>
      <Point>
        <coordinates>31.1296340515849,27.2255225712478,0</coordinates>
      </Point>
    </Placemark>
    <Placemark id="isaw_asp000004">
      <styleUrl>#redpin</styleUrl>
      <name>The taxes in grain in Ptolemaic Egypt</name>
      <description>
        &lt;div&gt;&lt;/div&gt;
        &lt;div&gt;
          &lt;table&gt;
            &lt;tr&gt;
              &lt;td&gt;Title&lt;/td&gt;
              &lt;td&gt;&lt;a href="http://hdl.handle.net/2333.1/189323w5"&gt;The taxes in grain in Ptolemaic Egypt&lt;/a&gt;&lt;/td&gt;
            &lt;/tr&gt;
            &lt;tr&gt;
              &lt;td&gt;Subtitle&lt;/td&gt;
              &lt;td&gt;granary receipts from Diospolis Magna, 164-88 B.C&lt;/td&gt;
            &lt;/tr&gt;
            &lt;tr&gt;
              &lt;td&gt;Author&lt;/td&gt;
              &lt;td&gt;Packman, Zola M.&lt;/td&gt;
            &lt;/tr&gt;
            &lt;tr&gt;
              &lt;td&gt;Publisher&lt;/td&gt;
              &lt;td&gt;American Society of Papyrologists, New Haven, 1968&lt;/td&gt;
            &lt;/tr&gt;
            &lt;tr&gt;
              &lt;td&gt;Language&lt;/td&gt;
              &lt;td&gt;English&lt;/td&gt;
            &lt;/tr&gt;
            &lt;tr&gt;
              &lt;td&gt;Call Number&lt;/td&gt;
              &lt;td&gt;HJ3093 .P32&lt;/td&gt;
            &lt;/tr&gt;
            &lt;tr&gt;
              &lt;td&gt;Geo Subject&lt;/td&gt;
              &lt;td&gt;Egypt&lt;/td&gt;
            &lt;/tr&gt;
            &lt;tr&gt;
              &lt;td&gt;ID&lt;/td&gt;
              &lt;td&gt;isaw_asp000004&lt;/td&gt;
            &lt;/tr&gt;
          &lt;/table&gt;
        &lt;/div&gt;
</description>
      <Point>
        <coordinates>28.0912946330678,26.1224269940938,0</coordinates>
      </Point>
    </Placemark>
    <Placemark id="isaw_asp000007">
      <styleUrl>#redpin</styleUrl>
      <name>Proceedings of the twelfth international congress of papyrology</name>
      <description>
        &lt;div&gt;&lt;/div&gt;
        &lt;div&gt;
          &lt;table&gt;
            &lt;tr&gt;
              &lt;td&gt;Title&lt;/td&gt;
              &lt;td&gt;&lt;a href="http://hdl.handle.net/2333.1/rr4xh2z5"&gt;Proceedings of the twelfth international congress of papyrology&lt;/a&gt;&lt;/td&gt;
            &lt;/tr&gt;
            &lt;tr&gt;
              &lt;td&gt;Subtitle&lt;/td&gt;
              &lt;td&gt;&lt;/td&gt;
            &lt;/tr&gt;
            &lt;tr&gt;
              &lt;td&gt;Author&lt;/td&gt;
              &lt;td&gt;Samuel, Deborah H.&lt;/td&gt;
            &lt;/tr&gt;
            &lt;tr&gt;
              &lt;td&gt;Publisher&lt;/td&gt;
              &lt;td&gt;Hakkert, Adolf M., Toronto, 1970&lt;/td&gt;
            &lt;/tr&gt;
            &lt;tr&gt;
              &lt;td&gt;Language&lt;/td&gt;
              &lt;td&gt;English&lt;/td&gt;
            &lt;/tr&gt;
            &lt;tr&gt;
              &lt;td&gt;Call Number&lt;/td&gt;
              &lt;td&gt;PA3339 .I5 1970&lt;/td&gt;
            &lt;/tr&gt;
            &lt;tr&gt;
              &lt;td&gt;Geo Subject&lt;/td&gt;
              &lt;td&gt;Egypt&lt;/td&gt;
            &lt;/tr&gt;
            &lt;tr&gt;
              &lt;td&gt;ID&lt;/td&gt;
              &lt;td&gt;isaw_asp000007&lt;/td&gt;
            &lt;/tr&gt;
          &lt;/table&gt;
        &lt;/div&gt;
</description>
      <Point>
        <coordinates>28.5230055590623,26.4767351228694,0</coordinates>
      </Point>
    </Placemark>
    <Placemark id="isaw_asp000008">
      <styleUrl>#redpin</styleUrl>
      <name>The Ptolemaic and Roman idios logos</name>
      <description>
        &lt;div&gt;&lt;/div&gt;
        &lt;div&gt;
          &lt;table&gt;
            &lt;tr&gt;
              &lt;td&gt;Title&lt;/td&gt;
              &lt;td&gt;&lt;a href="http://hdl.handle.net/2333.1/n02v72f2"&gt;The Ptolemaic and Roman idios logos&lt;/a&gt;&lt;/td&gt;
            &lt;/tr&gt;
            &lt;tr&gt;
              &lt;td&gt;Subtitle&lt;/td&gt;
              &lt;td&gt;&lt;/td&gt;
            &lt;/tr&gt;
            &lt;tr&gt;
              &lt;td&gt;Author&lt;/td&gt;
              &lt;td&gt;Swarney, Paul R.&lt;/td&gt;
            &lt;/tr&gt;
            &lt;tr&gt;
              &lt;td&gt;Publisher&lt;/td&gt;
              &lt;td&gt;A. M. Hakkert, Toronto, 1970&lt;/td&gt;
            &lt;/tr&gt;
            &lt;tr&gt;
              &lt;td&gt;Language&lt;/td&gt;
              &lt;td&gt;English&lt;/td&gt;
            &lt;/tr&gt;
            &lt;tr&gt;
              &lt;td&gt;Call Number&lt;/td&gt;
              &lt;td&gt;HD130 .S95&lt;/td&gt;
            &lt;/tr&gt;
            &lt;tr&gt;
              &lt;td&gt;Geo Subject&lt;/td&gt;
              &lt;td&gt;Egypt&lt;/td&gt;
            &lt;/tr&gt;
            &lt;tr&gt;
              &lt;td&gt;ID&lt;/td&gt;
              &lt;td&gt;isaw_asp000008&lt;/td&gt;
            &lt;/tr&gt;
          &lt;/table&gt;
        &lt;/div&gt;
</description>
      <Point>
        <coordinates>28.6988778609695,27.4084052503411,0</coordinates>
      </Point>
    </Placemark>
    <Placemark id="isaw_asp000010">
      <styleUrl>#redpin</styleUrl>
      <name>Death and taxes</name>
      <description>
        &lt;div&gt;&lt;/div&gt;
        &lt;div&gt;
          &lt;table&gt;
            &lt;tr&gt;
              &lt;td&gt;Title&lt;/td&gt;
              &lt;td&gt;&lt;a href="http://hdl.handle.net/2333.1/h70rz1zt"&gt;Death and taxes&lt;/a&gt;&lt;/td&gt;
            &lt;/tr&gt;
            &lt;tr&gt;
              &lt;td&gt;Subtitle&lt;/td&gt;
              &lt;td&gt;ostraka in the Royal Ontario Museum&lt;/td&gt;
            &lt;/tr&gt;
            &lt;tr&gt;
              &lt;td&gt;Author&lt;/td&gt;
              &lt;td&gt;Samuel, Alan Edouard. - Bagnall, Roger S. - Bowman, Alan K. - Hastings, W. K., 1957-&lt;/td&gt;
            &lt;/tr&gt;
            &lt;tr&gt;
              &lt;td&gt;Publisher&lt;/td&gt;
              &lt;td&gt;A. M. Hakkert Ltd., Toronto, 1971-1976&lt;/td&gt;
            &lt;/tr&gt;
            &lt;tr&gt;
              &lt;td&gt;Language&lt;/td&gt;
              &lt;td&gt;English&lt;/td&gt;
            &lt;/tr&gt;
            &lt;tr&gt;
              &lt;td&gt;Call Number&lt;/td&gt;
              &lt;td&gt;HJ213 .D4 1971&lt;/td&gt;
            &lt;/tr&gt;
            &lt;tr&gt;
              &lt;td&gt;Geo Subject&lt;/td&gt;
              &lt;td&gt;Egypt&lt;/td&gt;
            &lt;/tr&gt;
            &lt;tr&gt;
              &lt;td&gt;ID&lt;/td&gt;
              &lt;td&gt;isaw_asp000010&lt;/td&gt;
            &lt;/tr&gt;
          &lt;/table&gt;
        &lt;/div&gt;
</description>
      <Point>
        <coordinates>29.8850280851236,26.3751245210866,0</coordinates>
      </Point>
    </Placemark>
    <Placemark id="isaw_asp000011">
      <styleUrl>#redpin</styleUrl>
      <name>The town councils of Roman Egypt</name>
      <description>
        &lt;div&gt;&lt;/div&gt;
        &lt;div&gt;
          &lt;table&gt;
            &lt;tr&gt;
              &lt;td&gt;Title&lt;/td&gt;
              &lt;td&gt;&lt;a href="http://hdl.handle.net/2333.1/j3tx9bjf"&gt;The town councils of Roman Egypt&lt;/a&gt;&lt;/td&gt;
            &lt;/tr&gt;
            &lt;tr&gt;
              &lt;td&gt;Subtitle&lt;/td&gt;
              &lt;td&gt;&lt;/td&gt;
            &lt;/tr&gt;
            &lt;tr&gt;
              &lt;td&gt;Author&lt;/td&gt;
              &lt;td&gt;Bowman, Alan K.&lt;/td&gt;
            &lt;/tr&gt;
            &lt;tr&gt;
              &lt;td&gt;Publisher&lt;/td&gt;
              &lt;td&gt;A. M. Hakkert, Toronto, 1971&lt;/td&gt;
            &lt;/tr&gt;
            &lt;tr&gt;
              &lt;td&gt;Language&lt;/td&gt;
              &lt;td&gt;English&lt;/td&gt;
            &lt;/tr&gt;
            &lt;tr&gt;
              &lt;td&gt;Call Number&lt;/td&gt;
              &lt;td&gt;JS7762.A3 B68 1971&lt;/td&gt;
            &lt;/tr&gt;
            &lt;tr&gt;
              &lt;td&gt;Geo Subject&lt;/td&gt;
              &lt;td&gt;Egypt&lt;/td&gt;
            &lt;/tr&gt;
            &lt;tr&gt;
              &lt;td&gt;ID&lt;/td&gt;
              &lt;td&gt;isaw_asp000011&lt;/td&gt;
            &lt;/tr&gt;
          &lt;/table&gt;
        &lt;/div&gt;
</description>
      <Point>
        <coordinates>29.985666604192,24.9709281563364,0</coordinates>
      </Point>
    </Placemark>
    <Placemark id="isaw_asp000013">
      <styleUrl>#redpin</styleUrl>
      <name>Greek terms for Roman institutions</name>
      <description>
        &lt;div&gt;&lt;/div&gt;
        &lt;div&gt;
          &lt;table&gt;
            &lt;tr&gt;
              &lt;td&gt;Title&lt;/td&gt;
              &lt;td&gt;&lt;a href="http://hdl.handle.net/2333.1/dbrv1b19"&gt;Greek terms for Roman institutions&lt;/a&gt;&lt;/td&gt;
            &lt;/tr&gt;
            &lt;tr&gt;
              &lt;td&gt;Subtitle&lt;/td&gt;
              &lt;td&gt;a lexicon and analysis&lt;/td&gt;
            &lt;/tr&gt;
            &lt;tr&gt;
              &lt;td&gt;Author&lt;/td&gt;
              &lt;td&gt;Mason, Hugh J.&lt;/td&gt;
            &lt;/tr&gt;
            &lt;tr&gt;
              &lt;td&gt;Publisher&lt;/td&gt;
              &lt;td&gt;Hakkert, Toronto, 1974&lt;/td&gt;
            &lt;/tr&gt;
            &lt;tr&gt;
              &lt;td&gt;Language&lt;/td&gt;
              &lt;td&gt;English&lt;/td&gt;
            &lt;/tr&gt;
            &lt;tr&gt;
              &lt;td&gt;Call Number&lt;/td&gt;
              &lt;td&gt;PA425 .M33 1974&lt;/td&gt;
            &lt;/tr&gt;
            &lt;tr&gt;
              &lt;td&gt;Geo Subject&lt;/td&gt;
              &lt;td&gt;Rome&lt;/td&gt;
            &lt;/tr&gt;
            &lt;tr&gt;
              &lt;td&gt;ID&lt;/td&gt;
              &lt;td&gt;isaw_asp000013&lt;/td&gt;
            &lt;/tr&gt;
          &lt;/table&gt;
        &lt;/div&gt;
</description>
      <Point>
        <coordinates>12.4947901520061,41.8740754807454,0</coordinates>
      </Point>
    </Placemark>
    <Placemark id="isaw_asp000015">
      <styleUrl>#redpin</styleUrl>
      <name>Death and taxes</name>
      <description>
        &lt;div&gt;&lt;/div&gt;
        &lt;div&gt;
          &lt;table&gt;
            &lt;tr&gt;
              &lt;td&gt;Title&lt;/td&gt;
              &lt;td&gt;&lt;a href="http://hdl.handle.net/2333.1/cjsxkz48"&gt;Death and taxes&lt;/a&gt;&lt;/td&gt;
            &lt;/tr&gt;
            &lt;tr&gt;
              &lt;td&gt;Subtitle&lt;/td&gt;
              &lt;td&gt;ostraka in the Royal Ontario Museum&lt;/td&gt;
            &lt;/tr&gt;
            &lt;tr&gt;
              &lt;td&gt;Author&lt;/td&gt;
              &lt;td&gt;Samuel, Alan Edouard. - Bagnall, Roger S. - Bowman, Alan K. - Hastings, W. K., 1957-&lt;/td&gt;
            &lt;/tr&gt;
            &lt;tr&gt;
              &lt;td&gt;Publisher&lt;/td&gt;
              &lt;td&gt;A. M. Hakkert Ltd., Toronto, 1971-1976&lt;/td&gt;
            &lt;/tr&gt;
            &lt;tr&gt;
              &lt;td&gt;Language&lt;/td&gt;
              &lt;td&gt;English&lt;/td&gt;
            &lt;/tr&gt;
            &lt;tr&gt;
              &lt;td&gt;Call Number&lt;/td&gt;
              &lt;td&gt;HJ213 .D4 1971&lt;/td&gt;
            &lt;/tr&gt;
            &lt;tr&gt;
              &lt;td&gt;Geo Subject&lt;/td&gt;
              &lt;td&gt;Egypt&lt;/td&gt;
            &lt;/tr&gt;
            &lt;tr&gt;
              &lt;td&gt;ID&lt;/td&gt;
              &lt;td&gt;isaw_asp000015&lt;/td&gt;
            &lt;/tr&gt;
          &lt;/table&gt;
        &lt;/div&gt;
</description>
      <Point>
        <coordinates>28.6811637064481,24.7514291404225,0</coordinates>
      </Point>
    </Placemark>
    <Placemark id="isaw_asp000017">
      <styleUrl>#redpin</styleUrl>
      <name>Washington University papyri I</name>
      <description>
        &lt;div&gt;&lt;/div&gt;
        &lt;div&gt;
          &lt;table&gt;
            &lt;tr&gt;
              &lt;td&gt;Title&lt;/td&gt;
              &lt;td&gt;&lt;a href="http://hdl.handle.net/2333.1/12jm68f4"&gt;Washington University papyri I&lt;/a&gt;&lt;/td&gt;
            &lt;/tr&gt;
            &lt;tr&gt;
              &lt;td&gt;Subtitle&lt;/td&gt;
              &lt;td&gt;non-literary texts (nos. 1-61)&lt;/td&gt;
            &lt;/tr&gt;
            &lt;tr&gt;
              &lt;td&gt;Author&lt;/td&gt;
              &lt;td&gt;Schuman, Verne Brinson.&lt;/td&gt;
            &lt;/tr&gt;
            &lt;tr&gt;
              &lt;td&gt;Publisher&lt;/td&gt;
              &lt;td&gt;Published by Scholars Press for the American Society of Papyrologists, Missoula, MT, 1980&lt;/td&gt;
            &lt;/tr&gt;
            &lt;tr&gt;
              &lt;td&gt;Language&lt;/td&gt;
              &lt;td&gt;English&lt;/td&gt;
            &lt;/tr&gt;
            &lt;tr&gt;
              &lt;td&gt;Call Number&lt;/td&gt;
              &lt;td&gt;PA3305 .W3&lt;/td&gt;
            &lt;/tr&gt;
            &lt;tr&gt;
              &lt;td&gt;Geo Subject&lt;/td&gt;
              &lt;td&gt;Missouri, Saint Louis&lt;/td&gt;
            &lt;/tr&gt;
            &lt;tr&gt;
              &lt;td&gt;ID&lt;/td&gt;
              &lt;td&gt;isaw_asp000017&lt;/td&gt;
            &lt;/tr&gt;
          &lt;/table&gt;
        &lt;/div&gt;
</description>
      <Point>
        <coordinates>-92.6184746387315,38.7778196339196,0</coordinates>
      </Point>
    </Placemark>
    <Placemark id="isaw_asp000018">
      <styleUrl>#redpin</styleUrl>
      <name>Imperial estates in Roman Egypt</name>
      <description>
        &lt;div&gt;&lt;/div&gt;
        &lt;div&gt;
          &lt;table&gt;
            &lt;tr&gt;
              &lt;td&gt;Title&lt;/td&gt;
              &lt;td&gt;&lt;a href="http://hdl.handle.net/2333.1/0gb5mrbr"&gt;Imperial estates in Roman Egypt&lt;/a&gt;&lt;/td&gt;
            &lt;/tr&gt;
            &lt;tr&gt;
              &lt;td&gt;Subtitle&lt;/td&gt;
              &lt;td&gt;&lt;/td&gt;
            &lt;/tr&gt;
            &lt;tr&gt;
              &lt;td&gt;Author&lt;/td&gt;
              &lt;td&gt;Par&#xE1;ssoglou, George M.&lt;/td&gt;
            &lt;/tr&gt;
            &lt;tr&gt;
              &lt;td&gt;Publisher&lt;/td&gt;
              &lt;td&gt;A.M. Hakkert, Amsterdam, 1978&lt;/td&gt;
            &lt;/tr&gt;
            &lt;tr&gt;
              &lt;td&gt;Language&lt;/td&gt;
              &lt;td&gt;English&lt;/td&gt;
            &lt;/tr&gt;
            &lt;tr&gt;
              &lt;td&gt;Call Number&lt;/td&gt;
              &lt;td&gt;&lt;/td&gt;
            &lt;/tr&gt;
            &lt;tr&gt;
              &lt;td&gt;Geo Subject&lt;/td&gt;
              &lt;td&gt;Egypt, Rome&lt;/td&gt;
            &lt;/tr&gt;
            &lt;tr&gt;
              &lt;td&gt;ID&lt;/td&gt;
              &lt;td&gt;isaw_asp000018&lt;/td&gt;
            &lt;/tr&gt;
          &lt;/table&gt;
        &lt;/div&gt;
</description>
      <Point>
        <coordinates>28.1532243570573,27.0413442903716,0</coordinates>
      </Point>
    </Placemark>
    <Placemark id="isaw_asp000019">
      <styleUrl>#redpin</styleUrl>
      <name>Status declarations in Roman Egypt</name>
      <description>
        &lt;div&gt;&lt;/div&gt;
        &lt;div&gt;
          &lt;table&gt;
            &lt;tr&gt;
              &lt;td&gt;Title&lt;/td&gt;
              &lt;td&gt;&lt;a href="http://hdl.handle.net/2333.1/rv15dxzp"&gt;Status declarations in Roman Egypt&lt;/a&gt;&lt;/td&gt;
            &lt;/tr&gt;
            &lt;tr&gt;
              &lt;td&gt;Subtitle&lt;/td&gt;
              &lt;td&gt;&lt;/td&gt;
            &lt;/tr&gt;
            &lt;tr&gt;
              &lt;td&gt;Author&lt;/td&gt;
              &lt;td&gt;Nelson, C. A.&lt;/td&gt;
            &lt;/tr&gt;
            &lt;tr&gt;
              &lt;td&gt;Publisher&lt;/td&gt;
              &lt;td&gt;A.M. Hakkert, Amsterdam, 1979&lt;/td&gt;
            &lt;/tr&gt;
            &lt;tr&gt;
              &lt;td&gt;Language&lt;/td&gt;
              &lt;td&gt;English&lt;/td&gt;
            &lt;/tr&gt;
            &lt;tr&gt;
              &lt;td&gt;Call Number&lt;/td&gt;
              &lt;td&gt;HN10.E3 N45 1979&lt;/td&gt;
            &lt;/tr&gt;
            &lt;tr&gt;
              &lt;td&gt;Geo Subject&lt;/td&gt;
              &lt;td&gt;Egypt&lt;/td&gt;
            &lt;/tr&gt;
            &lt;tr&gt;
              &lt;td&gt;ID&lt;/td&gt;
              &lt;td&gt;isaw_asp000019&lt;/td&gt;
            &lt;/tr&gt;
          &lt;/table&gt;
        &lt;/div&gt;
</description>
      <Point>
        <coordinates>29.3106793887843,26.758558628008,0</coordinates>
      </Point>
    </Placemark>
    <Placemark id="isaw_asp000020">
      <styleUrl>#redpin</styleUrl>
      <name>Columbia Papyri VII</name>
      <description>
        &lt;div&gt;&lt;/div&gt;
        &lt;div&gt;
          &lt;table&gt;
            &lt;tr&gt;
              &lt;td&gt;Title&lt;/td&gt;
              &lt;td&gt;&lt;a href="http://hdl.handle.net/2333.1/kwh70xjb"&gt;Columbia Papyri VII&lt;/a&gt;&lt;/td&gt;
            &lt;/tr&gt;
            &lt;tr&gt;
              &lt;td&gt;Subtitle&lt;/td&gt;
              &lt;td&gt;fourth century documents from Karanis&lt;/td&gt;
            &lt;/tr&gt;
            &lt;tr&gt;
              &lt;td&gt;Author&lt;/td&gt;
              &lt;td&gt;Bagnall, Roger S. - Lewis, Naphtali.&lt;/td&gt;
            &lt;/tr&gt;
            &lt;tr&gt;
              &lt;td&gt;Publisher&lt;/td&gt;
              &lt;td&gt;Scholars Press, Missoula, Mont, 1979&lt;/td&gt;
            &lt;/tr&gt;
            &lt;tr&gt;
              &lt;td&gt;Language&lt;/td&gt;
              &lt;td&gt;English&lt;/td&gt;
            &lt;/tr&gt;
            &lt;tr&gt;
              &lt;td&gt;Call Number&lt;/td&gt;
              &lt;td&gt;PA3305 .C64 1979&lt;/td&gt;
            &lt;/tr&gt;
            &lt;tr&gt;
              &lt;td&gt;Geo Subject&lt;/td&gt;
              &lt;td&gt;Kawm Awsh&#x12B;m (Egypt)&lt;/td&gt;
            &lt;/tr&gt;
            &lt;tr&gt;
              &lt;td&gt;ID&lt;/td&gt;
              &lt;td&gt;isaw_asp000020&lt;/td&gt;
            &lt;/tr&gt;
          &lt;/table&gt;
        &lt;/div&gt;
</description>
      <Point>
        <coordinates>30.949433917203,29.4893177761156,0</coordinates>
      </Point>
    </Placemark>
    <Placemark id="isaw_asp000021">
      <styleUrl>#redpin</styleUrl>
      <name>Le Nome Hermopolite</name>
      <description>
        &lt;div&gt;&lt;/div&gt;
        &lt;div&gt;
          &lt;table&gt;
            &lt;tr&gt;
              &lt;td&gt;Title&lt;/td&gt;
              &lt;td&gt;&lt;a href="http://hdl.handle.net/2333.1/g4f4qx0v"&gt;Le Nome Hermopolite&lt;/a&gt;&lt;/td&gt;
            &lt;/tr&gt;
            &lt;tr&gt;
              &lt;td&gt;Subtitle&lt;/td&gt;
              &lt;td&gt;toponymes et sites&lt;/td&gt;
            &lt;/tr&gt;
            &lt;tr&gt;
              &lt;td&gt;Author&lt;/td&gt;
              &lt;td&gt;Drew-Bear, Marie.&lt;/td&gt;
            &lt;/tr&gt;
            &lt;tr&gt;
              &lt;td&gt;Publisher&lt;/td&gt;
              &lt;td&gt;Scholars Press, Missoula, Mont, 1979&lt;/td&gt;
            &lt;/tr&gt;
            &lt;tr&gt;
              &lt;td&gt;Language&lt;/td&gt;
              &lt;td&gt;English&lt;/td&gt;
            &lt;/tr&gt;
            &lt;tr&gt;
              &lt;td&gt;Call Number&lt;/td&gt;
              &lt;td&gt;DT73.H45 D73&lt;/td&gt;
            &lt;/tr&gt;
            &lt;tr&gt;
              &lt;td&gt;Geo Subject&lt;/td&gt;
              &lt;td&gt;Egypt, Hermopolite Nome, Hermopolite Nome (Egypt)&lt;/td&gt;
            &lt;/tr&gt;
            &lt;tr&gt;
              &lt;td&gt;ID&lt;/td&gt;
              &lt;td&gt;isaw_asp000021&lt;/td&gt;
            &lt;/tr&gt;
          &lt;/table&gt;
        &lt;/div&gt;
</description>
      <Point>
        <coordinates>31.1283405367795,27.6170346379272,0</coordinates>
      </Point>
    </Placemark>
    <Placemark id="isaw_asp000022">
      <styleUrl>#redpin</styleUrl>
      <name>Michigan papyri XIV</name>
      <description>
        &lt;div&gt;&lt;/div&gt;
        &lt;div&gt;
          &lt;table&gt;
            &lt;tr&gt;
              &lt;td&gt;Title&lt;/td&gt;
              &lt;td&gt;&lt;a href="http://hdl.handle.net/2333.1/bcc2fwf8"&gt;Michigan papyri XIV&lt;/a&gt;&lt;/td&gt;
            &lt;/tr&gt;
            &lt;tr&gt;
              &lt;td&gt;Subtitle&lt;/td&gt;
              &lt;td&gt;&lt;/td&gt;
            &lt;/tr&gt;
            &lt;tr&gt;
              &lt;td&gt;Author&lt;/td&gt;
              &lt;td&gt;McCarren, Vincent P., editor.&lt;/td&gt;
            &lt;/tr&gt;
            &lt;tr&gt;
              &lt;td&gt;Publisher&lt;/td&gt;
              &lt;td&gt;, , 1980&lt;/td&gt;
            &lt;/tr&gt;
            &lt;tr&gt;
              &lt;td&gt;Language&lt;/td&gt;
              &lt;td&gt;English&lt;/td&gt;
            &lt;/tr&gt;
            &lt;tr&gt;
              &lt;td&gt;Call Number&lt;/td&gt;
              &lt;td&gt;PA3305 .M5 v.14&lt;/td&gt;
            &lt;/tr&gt;
            &lt;tr&gt;
              &lt;td&gt;Geo Subject&lt;/td&gt;
              &lt;td&gt;Ann Arbor, Michigan&lt;/td&gt;
            &lt;/tr&gt;
            &lt;tr&gt;
              &lt;td&gt;ID&lt;/td&gt;
              &lt;td&gt;isaw_asp000022&lt;/td&gt;
            &lt;/tr&gt;
          &lt;/table&gt;
        &lt;/div&gt;
</description>
      <Point>
        <coordinates>-84.701762669442,43.6239723255142,0</coordinates>
      </Point>
    </Placemark>
    <Placemark id="isaw_asp000024">
      <styleUrl>#redpin</styleUrl>
      <name>Yale papyri in the Beinecke Rare Book and Manuscript Library</name>
      <description>
        &lt;div&gt;&lt;/div&gt;
        &lt;div&gt;
          &lt;table&gt;
            &lt;tr&gt;
              &lt;td&gt;Title&lt;/td&gt;
              &lt;td&gt;&lt;a href="http://hdl.handle.net/2333.1/wdbrv5rf"&gt;Yale papyri in the Beinecke Rare Book and Manuscript Library&lt;/a&gt;&lt;/td&gt;
            &lt;/tr&gt;
            &lt;tr&gt;
              &lt;td&gt;Subtitle&lt;/td&gt;
              &lt;td&gt;&lt;/td&gt;
            &lt;/tr&gt;
            &lt;tr&gt;
              &lt;td&gt;Author&lt;/td&gt;
              &lt;td&gt;Oates, John F. - Samuel, Alan Edouard, joint author. - Welles, C. Bradford (Charles Bradford), 1901-, joint author. - Stephens, Susan A.&lt;/td&gt;
            &lt;/tr&gt;
            &lt;tr&gt;
              &lt;td&gt;Publisher&lt;/td&gt;
              &lt;td&gt;American Society of Papyrologists, New Haven, 1967&lt;/td&gt;
            &lt;/tr&gt;
            &lt;tr&gt;
              &lt;td&gt;Language&lt;/td&gt;
              &lt;td&gt;Greek, Ancient (to 1453)&lt;/td&gt;
            &lt;/tr&gt;
            &lt;tr&gt;
              &lt;td&gt;Call Number&lt;/td&gt;
              &lt;td&gt;Z6604 .O2 1967&lt;/td&gt;
            &lt;/tr&gt;
            &lt;tr&gt;
              &lt;td&gt;Geo Subject&lt;/td&gt;
              &lt;td&gt;Connecticut, New Haven&lt;/td&gt;
            &lt;/tr&gt;
            &lt;tr&gt;
              &lt;td&gt;ID&lt;/td&gt;
              &lt;td&gt;isaw_asp000024&lt;/td&gt;
            &lt;/tr&gt;
          &lt;/table&gt;
        &lt;/div&gt;
</description>
      <Point>
        <coordinates>-72.7140823005371,41.6511828074841,0</coordinates>
      </Point>
    </Placemark>
    <Placemark id="isaw_asp000025">
      <styleUrl>#redpin</styleUrl>
      <name>Register of Oxyrhynchites, 30 B.C.-A.D. 96</name>
      <description>
        &lt;div&gt;&lt;/div&gt;
        &lt;div&gt;
          &lt;table&gt;
            &lt;tr&gt;
              &lt;td&gt;Title&lt;/td&gt;
              &lt;td&gt;&lt;a href="http://hdl.handle.net/2333.1/n5tb2v4b"&gt;Register of Oxyrhynchites, 30 B.C.-A.D. 96&lt;/a&gt;&lt;/td&gt;
            &lt;/tr&gt;
            &lt;tr&gt;
              &lt;td&gt;Subtitle&lt;/td&gt;
              &lt;td&gt;&lt;/td&gt;
            &lt;/tr&gt;
            &lt;tr&gt;
              &lt;td&gt;Author&lt;/td&gt;
              &lt;td&gt;Jones, Brian W. - Whitehorne, J. E. G. (John Edwin George)&lt;/td&gt;
            &lt;/tr&gt;
            &lt;tr&gt;
              &lt;td&gt;Publisher&lt;/td&gt;
              &lt;td&gt;Scholars Press, Chico, Ca, 1983&lt;/td&gt;
            &lt;/tr&gt;
            &lt;tr&gt;
              &lt;td&gt;Language&lt;/td&gt;
              &lt;td&gt;English&lt;/td&gt;
            &lt;/tr&gt;
            &lt;tr&gt;
              &lt;td&gt;Call Number&lt;/td&gt;
              &lt;td&gt;DT73.O8 J66 1983&lt;/td&gt;
            &lt;/tr&gt;
            &lt;tr&gt;
              &lt;td&gt;Geo Subject&lt;/td&gt;
              &lt;td&gt;Bahnas&#x101;, Bahnas&#x101; (Egypt), Egypt&lt;/td&gt;
            &lt;/tr&gt;
            &lt;tr&gt;
              &lt;td&gt;ID&lt;/td&gt;
              &lt;td&gt;isaw_asp000025&lt;/td&gt;
            &lt;/tr&gt;
          &lt;/table&gt;
        &lt;/div&gt;
</description>
      <Point>
        <coordinates>30.3581809318386,26.5982800549467,0</coordinates>
      </Point>
    </Placemark>
    <Placemark id="isaw_asp000026">
      <styleUrl>#redpin</styleUrl>
      <name>Saite and Persian demotic cattle documents</name>
      <description>
        &lt;div&gt;&lt;/div&gt;
        &lt;div&gt;
          &lt;table&gt;
            &lt;tr&gt;
              &lt;td&gt;Title&lt;/td&gt;
              &lt;td&gt;&lt;a href="http://hdl.handle.net/2333.1/hdr7stn3"&gt;Saite and Persian demotic cattle documents&lt;/a&gt;&lt;/td&gt;
            &lt;/tr&gt;
            &lt;tr&gt;
              &lt;td&gt;Subtitle&lt;/td&gt;
              &lt;td&gt;a study in legal forms and principles in ancient Egypt&lt;/td&gt;
            &lt;/tr&gt;
            &lt;tr&gt;
              &lt;td&gt;Author&lt;/td&gt;
              &lt;td&gt;Cruz-Uribe, Eugene, 1952-&lt;/td&gt;
            &lt;/tr&gt;
            &lt;tr&gt;
              &lt;td&gt;Publisher&lt;/td&gt;
              &lt;td&gt;Scholars Press, Chico, Calif, 1985&lt;/td&gt;
            &lt;/tr&gt;
            &lt;tr&gt;
              &lt;td&gt;Language&lt;/td&gt;
              &lt;td&gt;English&lt;/td&gt;
            &lt;/tr&gt;
            &lt;tr&gt;
              &lt;td&gt;Call Number&lt;/td&gt;
              &lt;td&gt;KL3040.D66 C78 1985&lt;/td&gt;
            &lt;/tr&gt;
            &lt;tr&gt;
              &lt;td&gt;Geo Subject&lt;/td&gt;
              &lt;td&gt;Egypt&lt;/td&gt;
            &lt;/tr&gt;
            &lt;tr&gt;
              &lt;td&gt;ID&lt;/td&gt;
              &lt;td&gt;isaw_asp000026&lt;/td&gt;
            &lt;/tr&gt;
          &lt;/table&gt;
        &lt;/div&gt;
</description>
      <Point>
        <coordinates>30.7044930845912,24.809186371266,0</coordinates>
      </Point>
    </Placemark>
    <Placemark id="isaw_asp000028">
      <styleUrl>#redpin</styleUrl>
      <name>Columbia papyri VIII</name>
      <description>
        &lt;div&gt;&lt;/div&gt;
        &lt;div&gt;
          &lt;table&gt;
            &lt;tr&gt;
              &lt;td&gt;Title&lt;/td&gt;
              &lt;td&gt;&lt;a href="http://hdl.handle.net/2333.1/7wm37smm"&gt;Columbia papyri VIII&lt;/a&gt;&lt;/td&gt;
            &lt;/tr&gt;
            &lt;tr&gt;
              &lt;td&gt;Subtitle&lt;/td&gt;
              &lt;td&gt;&lt;/td&gt;
            &lt;/tr&gt;
            &lt;tr&gt;
              &lt;td&gt;Author&lt;/td&gt;
              &lt;td&gt;Worp, K. A. (Klaas Anthony) - Renner, Timothy Todd, 1946- - Bagnall, Roger S.&lt;/td&gt;
            &lt;/tr&gt;
            &lt;tr&gt;
              &lt;td&gt;Publisher&lt;/td&gt;
              &lt;td&gt;Scholars Press, Atlanta, Ga, 1990&lt;/td&gt;
            &lt;/tr&gt;
            &lt;tr&gt;
              &lt;td&gt;Language&lt;/td&gt;
              &lt;td&gt;English&lt;/td&gt;
            &lt;/tr&gt;
            &lt;tr&gt;
              &lt;td&gt;Call Number&lt;/td&gt;
              &lt;td&gt;PA3305 .C642 1990&lt;/td&gt;
            &lt;/tr&gt;
            &lt;tr&gt;
              &lt;td&gt;Geo Subject&lt;/td&gt;
              &lt;td&gt;New York, New York (State)&lt;/td&gt;
            &lt;/tr&gt;
            &lt;tr&gt;
              &lt;td&gt;ID&lt;/td&gt;
              &lt;td&gt;isaw_asp000028&lt;/td&gt;
            &lt;/tr&gt;
          &lt;/table&gt;
        &lt;/div&gt;
</description>
      <Point>
        <coordinates>-75.8886472761343,43.1903730159187,0</coordinates>
      </Point>
    </Placemark>
    <Placemark id="isaw_asp000030">
      <styleUrl>#redpin</styleUrl>
      <name>P. Michigan XVI</name>
      <description>
        &lt;div&gt;&lt;/div&gt;
        &lt;div&gt;
          &lt;table&gt;
            &lt;tr&gt;
              &lt;td&gt;Title&lt;/td&gt;
              &lt;td&gt;&lt;a href="http://hdl.handle.net/2333.1/7sqv9xn5"&gt;P. Michigan XVI&lt;/a&gt;&lt;/td&gt;
            &lt;/tr&gt;
            &lt;tr&gt;
              &lt;td&gt;Subtitle&lt;/td&gt;
              &lt;td&gt;a Greek love charm from Egypt (P. Mich. 757)&lt;/td&gt;
            &lt;/tr&gt;
            &lt;tr&gt;
              &lt;td&gt;Author&lt;/td&gt;
              &lt;td&gt;Martinez, David G. (David Gray)&lt;/td&gt;
            &lt;/tr&gt;
            &lt;tr&gt;
              &lt;td&gt;Publisher&lt;/td&gt;
              &lt;td&gt;Scholars Press, Atlanta, Ga, 1991&lt;/td&gt;
            &lt;/tr&gt;
            &lt;tr&gt;
              &lt;td&gt;Language&lt;/td&gt;
              &lt;td&gt;English&lt;/td&gt;
            &lt;/tr&gt;
            &lt;tr&gt;
              &lt;td&gt;Call Number&lt;/td&gt;
              &lt;td&gt;PA3305 .M5 vol. 16&lt;/td&gt;
            &lt;/tr&gt;
            &lt;tr&gt;
              &lt;td&gt;Geo Subject&lt;/td&gt;
              &lt;td&gt;Egypt&lt;/td&gt;
            &lt;/tr&gt;
            &lt;tr&gt;
              &lt;td&gt;ID&lt;/td&gt;
              &lt;td&gt;isaw_asp000030&lt;/td&gt;
            &lt;/tr&gt;
          &lt;/table&gt;
        &lt;/div&gt;
</description>
      <Point>
        <coordinates>28.8148184231906,24.6289973944461,0</coordinates>
      </Point>
    </Placemark>
    <Placemark id="isaw_asp000032">
      <styleUrl>#redpin</styleUrl>
      <name>Un codex fiscal hermopolite</name>
      <description>
        &lt;div&gt;&lt;/div&gt;
        &lt;div&gt;
          &lt;table&gt;
            &lt;tr&gt;
              &lt;td&gt;Title&lt;/td&gt;
              &lt;td&gt;&lt;a href="http://hdl.handle.net/2333.1/0cfxprkx"&gt;Un codex fiscal hermopolite&lt;/a&gt;&lt;/td&gt;
            &lt;/tr&gt;
            &lt;tr&gt;
              &lt;td&gt;Subtitle&lt;/td&gt;
              &lt;td&gt;(P. Sorb. II 69)&lt;/td&gt;
            &lt;/tr&gt;
            &lt;tr&gt;
              &lt;td&gt;Author&lt;/td&gt;
              &lt;td&gt;Gascou, Jean.&lt;/td&gt;
            &lt;/tr&gt;
            &lt;tr&gt;
              &lt;td&gt;Publisher&lt;/td&gt;
              &lt;td&gt;Scholars Press, Atlanta, Ga, 1994&lt;/td&gt;
            &lt;/tr&gt;
            &lt;tr&gt;
              &lt;td&gt;Language&lt;/td&gt;
              &lt;td&gt;French&lt;/td&gt;
            &lt;/tr&gt;
            &lt;tr&gt;
              &lt;td&gt;Call Number&lt;/td&gt;
              &lt;td&gt;HJ213 .G37 1994&lt;/td&gt;
            &lt;/tr&gt;
            &lt;tr&gt;
              &lt;td&gt;Geo Subject&lt;/td&gt;
              &lt;td&gt;Egypt, Hermopolis Magna (Extinct city)&lt;/td&gt;
            &lt;/tr&gt;
            &lt;tr&gt;
              &lt;td&gt;ID&lt;/td&gt;
              &lt;td&gt;isaw_asp000032&lt;/td&gt;
            &lt;/tr&gt;
          &lt;/table&gt;
        &lt;/div&gt;
</description>
      <Point>
        <coordinates>29.1003571976973,25.5408302520035,0</coordinates>
      </Point>
    </Placemark>
    <Placemark id="isaw_asp000033">
      <styleUrl>#redpin</styleUrl>
      <name>On government and law in Roman Egypt</name>
      <description>
        &lt;div&gt;&lt;/div&gt;
        &lt;div&gt;
          &lt;table&gt;
            &lt;tr&gt;
              &lt;td&gt;Title&lt;/td&gt;
              &lt;td&gt;&lt;a href="http://hdl.handle.net/2333.1/mw6m94sf"&gt;On government and law in Roman Egypt&lt;/a&gt;&lt;/td&gt;
            &lt;/tr&gt;
            &lt;tr&gt;
              &lt;td&gt;Subtitle&lt;/td&gt;
              &lt;td&gt;collected papers of Naphtali Lewis&lt;/td&gt;
            &lt;/tr&gt;
            &lt;tr&gt;
              &lt;td&gt;Author&lt;/td&gt;
              &lt;td&gt;Lewis, Naphtali. - Hanson, Ann Ellis.&lt;/td&gt;
            &lt;/tr&gt;
            &lt;tr&gt;
              &lt;td&gt;Publisher&lt;/td&gt;
              &lt;td&gt;Scholars Press, Atlanta, Ga, 1995&lt;/td&gt;
            &lt;/tr&gt;
            &lt;tr&gt;
              &lt;td&gt;Language&lt;/td&gt;
              &lt;td&gt;English&lt;/td&gt;
            &lt;/tr&gt;
            &lt;tr&gt;
              &lt;td&gt;Call Number&lt;/td&gt;
              &lt;td&gt;JC66 .L49 1995&lt;/td&gt;
            &lt;/tr&gt;
            &lt;tr&gt;
              &lt;td&gt;Geo Subject&lt;/td&gt;
              &lt;td&gt;Egypt&lt;/td&gt;
            &lt;/tr&gt;
            &lt;tr&gt;
              &lt;td&gt;ID&lt;/td&gt;
              &lt;td&gt;isaw_asp000033&lt;/td&gt;
            &lt;/tr&gt;
          &lt;/table&gt;
        &lt;/div&gt;
</description>
      <Point>
        <coordinates>30.3643002816623,27.6132077275384,0</coordinates>
      </Point>
    </Placemark>
    <Placemark id="isaw_asp000034">
      <styleUrl>#redpin</styleUrl>
      <name>Columbia papyri X</name>
      <description>
        &lt;div&gt;&lt;/div&gt;
        &lt;div&gt;
          &lt;table&gt;
            &lt;tr&gt;
              &lt;td&gt;Title&lt;/td&gt;
              &lt;td&gt;&lt;a href="http://hdl.handle.net/2333.1/h44j148b"&gt;Columbia papyri X&lt;/a&gt;&lt;/td&gt;
            &lt;/tr&gt;
            &lt;tr&gt;
              &lt;td&gt;Subtitle&lt;/td&gt;
              &lt;td&gt;&lt;/td&gt;
            &lt;/tr&gt;
            &lt;tr&gt;
              &lt;td&gt;Author&lt;/td&gt;
              &lt;td&gt;Bagnall, Roger S. - Obbink, Dirk.&lt;/td&gt;
            &lt;/tr&gt;
            &lt;tr&gt;
              &lt;td&gt;Publisher&lt;/td&gt;
              &lt;td&gt;Scholars Press, Atlanta, Ga, 1996&lt;/td&gt;
            &lt;/tr&gt;
            &lt;tr&gt;
              &lt;td&gt;Language&lt;/td&gt;
              &lt;td&gt;English&lt;/td&gt;
            &lt;/tr&gt;
            &lt;tr&gt;
              &lt;td&gt;Call Number&lt;/td&gt;
              &lt;td&gt;PA3305 .C644 1996&lt;/td&gt;
            &lt;/tr&gt;
            &lt;tr&gt;
              &lt;td&gt;Geo Subject&lt;/td&gt;
              &lt;td&gt;Greece, New York, New York (State)&lt;/td&gt;
            &lt;/tr&gt;
            &lt;tr&gt;
              &lt;td&gt;ID&lt;/td&gt;
              &lt;td&gt;isaw_asp000034&lt;/td&gt;
            &lt;/tr&gt;
          &lt;/table&gt;
        &lt;/div&gt;
</description>
      <Point>
        <coordinates>-75.8982465383077,43.118458840087,0</coordinates>
      </Point>
    </Placemark>
    <Placemark id="isaw_asp000035">
      <styleUrl>#redpin</styleUrl>
      <name>The Michigan medical codex (P. Mich. 758=P. Mich. inv. 21)</name>
      <description>
        &lt;div&gt;&lt;/div&gt;
        &lt;div&gt;
          &lt;table&gt;
            &lt;tr&gt;
              &lt;td&gt;Title&lt;/td&gt;
              &lt;td&gt;&lt;a href="http://hdl.handle.net/2333.1/vmcvdr70"&gt;The Michigan medical codex (P. Mich. 758=P. Mich. inv. 21)&lt;/a&gt;&lt;/td&gt;
            &lt;/tr&gt;
            &lt;tr&gt;
              &lt;td&gt;Subtitle&lt;/td&gt;
              &lt;td&gt;&lt;/td&gt;
            &lt;/tr&gt;
            &lt;tr&gt;
              &lt;td&gt;Author&lt;/td&gt;
              &lt;td&gt;Youtie, Louise C. (Louise Canberg)&lt;/td&gt;
            &lt;/tr&gt;
            &lt;tr&gt;
              &lt;td&gt;Publisher&lt;/td&gt;
              &lt;td&gt;Scholars Press, Atlanta, Ga, 1996&lt;/td&gt;
            &lt;/tr&gt;
            &lt;tr&gt;
              &lt;td&gt;Language&lt;/td&gt;
              &lt;td&gt;English&lt;/td&gt;
            &lt;/tr&gt;
            &lt;tr&gt;
              &lt;td&gt;Call Number&lt;/td&gt;
              &lt;td&gt;PA3305 .M5 vol. 17&lt;/td&gt;
            &lt;/tr&gt;
            &lt;tr&gt;
              &lt;td&gt;Geo Subject&lt;/td&gt;
              &lt;td&gt;Michigan&lt;/td&gt;
            &lt;/tr&gt;
            &lt;tr&gt;
              &lt;td&gt;ID&lt;/td&gt;
              &lt;td&gt;isaw_asp000035&lt;/td&gt;
            &lt;/tr&gt;
          &lt;/table&gt;
        &lt;/div&gt;
</description>
      <Point>
        <coordinates>-84.7391823892713,43.5772123528013,0</coordinates>
      </Point>
    </Placemark>
    <Placemark id="isaw_asp000037">
      <styleUrl>#redpin</styleUrl>
      <name>The Heracleopolite Nome</name>
      <description>
        &lt;div&gt;&lt;/div&gt;
        &lt;div&gt;
          &lt;table&gt;
            &lt;tr&gt;
              &lt;td&gt;Title&lt;/td&gt;
              &lt;td&gt;&lt;a href="http://hdl.handle.net/2333.1/cc2fr3qm"&gt;The Heracleopolite Nome&lt;/a&gt;&lt;/td&gt;
            &lt;/tr&gt;
            &lt;tr&gt;
              &lt;td&gt;Subtitle&lt;/td&gt;
              &lt;td&gt;a catalogue of the toponyms&lt;/td&gt;
            &lt;/tr&gt;
            &lt;tr&gt;
              &lt;td&gt;Author&lt;/td&gt;
              &lt;td&gt;Falivene, M. Rosaria (Maria Rosaria)&lt;/td&gt;
            &lt;/tr&gt;
            &lt;tr&gt;
              &lt;td&gt;Publisher&lt;/td&gt;
              &lt;td&gt;Scholars Press, Atlanta, Ga, 1998&lt;/td&gt;
            &lt;/tr&gt;
            &lt;tr&gt;
              &lt;td&gt;Language&lt;/td&gt;
              &lt;td&gt;English&lt;/td&gt;
            &lt;/tr&gt;
            &lt;tr&gt;
              &lt;td&gt;Call Number&lt;/td&gt;
              &lt;td&gt;DT137 .H47 1998&lt;/td&gt;
            &lt;/tr&gt;
            &lt;tr&gt;
              &lt;td&gt;Geo Subject&lt;/td&gt;
              &lt;td&gt;Egypt, Heracleopolite Nome, Heracleopolite Nome (Egypt)&lt;/td&gt;
            &lt;/tr&gt;
            &lt;tr&gt;
              &lt;td&gt;ID&lt;/td&gt;
              &lt;td&gt;isaw_asp000037&lt;/td&gt;
            &lt;/tr&gt;
          &lt;/table&gt;
        &lt;/div&gt;
</description>
      <Point>
        <coordinates>27.6337542188863,26.1684574870608,0</coordinates>
      </Point>
    </Placemark>
    <Placemark id="isaw_asp000038">
      <styleUrl>#redpin</styleUrl>
      <name>Columbia papyri XI</name>
      <description>
        &lt;div&gt;&lt;/div&gt;
        &lt;div&gt;
          &lt;table&gt;
            &lt;tr&gt;
              &lt;td&gt;Title&lt;/td&gt;
              &lt;td&gt;&lt;a href="http://hdl.handle.net/2333.1/qz612ndk"&gt;Columbia papyri XI&lt;/a&gt;&lt;/td&gt;
            &lt;/tr&gt;
            &lt;tr&gt;
              &lt;td&gt;Subtitle&lt;/td&gt;
              &lt;td&gt;&lt;/td&gt;
            &lt;/tr&gt;
            &lt;tr&gt;
              &lt;td&gt;Author&lt;/td&gt;
              &lt;td&gt;Teeter, Timothy M.&lt;/td&gt;
            &lt;/tr&gt;
            &lt;tr&gt;
              &lt;td&gt;Publisher&lt;/td&gt;
              &lt;td&gt;Scholars Press, Atlanta, Ga, 1998&lt;/td&gt;
            &lt;/tr&gt;
            &lt;tr&gt;
              &lt;td&gt;Language&lt;/td&gt;
              &lt;td&gt;English&lt;/td&gt;
            &lt;/tr&gt;
            &lt;tr&gt;
              &lt;td&gt;Call Number&lt;/td&gt;
              &lt;td&gt;PA3305 .C645 1998&lt;/td&gt;
            &lt;/tr&gt;
            &lt;tr&gt;
              &lt;td&gt;Geo Subject&lt;/td&gt;
              &lt;td&gt;New York, New York (State)&lt;/td&gt;
            &lt;/tr&gt;
            &lt;tr&gt;
              &lt;td&gt;ID&lt;/td&gt;
              &lt;td&gt;isaw_asp000038&lt;/td&gt;
            &lt;/tr&gt;
          &lt;/table&gt;
        &lt;/div&gt;
</description>
      <Point>
        <coordinates>-75.8968902790792,43.193361479599,0</coordinates>
      </Point>
    </Placemark>
    <Placemark id="isaw_asp000039">
      <styleUrl>#redpin</styleUrl>
      <name>Columbia papyri IX</name>
      <description>
        &lt;div&gt;&lt;/div&gt;
        &lt;div&gt;
          &lt;table&gt;
            &lt;tr&gt;
              &lt;td&gt;Title&lt;/td&gt;
              &lt;td&gt;&lt;a href="http://hdl.handle.net/2333.1/m63xsmx8"&gt;Columbia papyri IX&lt;/a&gt;&lt;/td&gt;
            &lt;/tr&gt;
            &lt;tr&gt;
              &lt;td&gt;Subtitle&lt;/td&gt;
              &lt;td&gt;the Vestis militaris codex&lt;/td&gt;
            &lt;/tr&gt;
            &lt;tr&gt;
              &lt;td&gt;Author&lt;/td&gt;
              &lt;td&gt;Sheridan, Jennifer A.&lt;/td&gt;
            &lt;/tr&gt;
            &lt;tr&gt;
              &lt;td&gt;Publisher&lt;/td&gt;
              &lt;td&gt;Scholars Press, Atlanta, Ga, 1998&lt;/td&gt;
            &lt;/tr&gt;
            &lt;tr&gt;
              &lt;td&gt;Language&lt;/td&gt;
              &lt;td&gt;English&lt;/td&gt;
            &lt;/tr&gt;
            &lt;tr&gt;
              &lt;td&gt;Call Number&lt;/td&gt;
              &lt;td&gt;PA3305 .C643 1998&lt;/td&gt;
            &lt;/tr&gt;
            &lt;tr&gt;
              &lt;td&gt;Geo Subject&lt;/td&gt;
              &lt;td&gt;Egypt, Hermopolite Nome, Hermopolite Nome (Egypt), New York, New York (State), Rome&lt;/td&gt;
            &lt;/tr&gt;
            &lt;tr&gt;
              &lt;td&gt;ID&lt;/td&gt;
              &lt;td&gt;isaw_asp000039&lt;/td&gt;
            &lt;/tr&gt;
          &lt;/table&gt;
        &lt;/div&gt;
</description>
      <Point>
        <coordinates>31.0681805150465,27.255082497171,0</coordinates>
      </Point>
    </Placemark>
    <Placemark id="isaw_asp000040">
      <styleUrl>#redpin</styleUrl>
      <name>Papyri in memory of P.J. Sijpesteijn (P. Sijp.)</name>
      <description>
        &lt;div&gt;&lt;/div&gt;
        &lt;div&gt;
          &lt;table&gt;
            &lt;tr&gt;
              &lt;td&gt;Title&lt;/td&gt;
              &lt;td&gt;&lt;a href="http://hdl.handle.net/2333.1/qnk98z3x"&gt;Papyri in memory of P.J. Sijpesteijn (P. Sijp.)&lt;/a&gt;&lt;/td&gt;
            &lt;/tr&gt;
            &lt;tr&gt;
              &lt;td&gt;Subtitle&lt;/td&gt;
              &lt;td&gt;&lt;/td&gt;
            &lt;/tr&gt;
            &lt;tr&gt;
              &lt;td&gt;Author&lt;/td&gt;
              &lt;td&gt;Sirks, Adriaan Johan Boudewijn. - Worp, K. A. (Klaas Anthony) - Sijpesteijn, P. J.&lt;/td&gt;
            &lt;/tr&gt;
            &lt;tr&gt;
              &lt;td&gt;Publisher&lt;/td&gt;
              &lt;td&gt;The American Society of Papyrologists, Oakville, CT, 2007&lt;/td&gt;
            &lt;/tr&gt;
            &lt;tr&gt;
              &lt;td&gt;Language&lt;/td&gt;
              &lt;td&gt;English&lt;/td&gt;
            &lt;/tr&gt;
            &lt;tr&gt;
              &lt;td&gt;Call Number&lt;/td&gt;
              &lt;td&gt;PA3341 .P39 2007&lt;/td&gt;
            &lt;/tr&gt;
            &lt;tr&gt;
              &lt;td&gt;Geo Subject&lt;/td&gt;
              &lt;td&gt;Egypt&lt;/td&gt;
            &lt;/tr&gt;
            &lt;tr&gt;
              &lt;td&gt;ID&lt;/td&gt;
              &lt;td&gt;isaw_asp000040&lt;/td&gt;
            &lt;/tr&gt;
          &lt;/table&gt;
        &lt;/div&gt;
</description>
      <Point>
        <coordinates>30.6176999592069,25.9428353385809,0</coordinates>
      </Point>
    </Placemark>
    <Placemark id="isaw_asp000041">
      <styleUrl>#redpin</styleUrl>
      <name>A Yale papyrus (P Yale III 137) in the Beinecke Rare Book and Manuscript Library III</name>
      <description>
        &lt;div&gt;&lt;/div&gt;
        &lt;div&gt;
          &lt;table&gt;
            &lt;tr&gt;
              &lt;td&gt;Title&lt;/td&gt;
              &lt;td&gt;&lt;a href="http://hdl.handle.net/2333.1/41ns1x42"&gt;A Yale papyrus (P Yale III 137) in the Beinecke Rare Book and Manuscript Library III&lt;/a&gt;&lt;/td&gt;
            &lt;/tr&gt;
            &lt;tr&gt;
              &lt;td&gt;Subtitle&lt;/td&gt;
              &lt;td&gt;&lt;/td&gt;
            &lt;/tr&gt;
            &lt;tr&gt;
              &lt;td&gt;Author&lt;/td&gt;
              &lt;td&gt;Schubert, Paul, 1963-&lt;/td&gt;
            &lt;/tr&gt;
            &lt;tr&gt;
              &lt;td&gt;Publisher&lt;/td&gt;
              &lt;td&gt;American Society of Papyrologists, Oakville, Conn, 2001&lt;/td&gt;
            &lt;/tr&gt;
            &lt;tr&gt;
              &lt;td&gt;Language&lt;/td&gt;
              &lt;td&gt;English&lt;/td&gt;
            &lt;/tr&gt;
            &lt;tr&gt;
              &lt;td&gt;Call Number&lt;/td&gt;
              &lt;td&gt;HD130 .S34 2001&lt;/td&gt;
            &lt;/tr&gt;
            &lt;tr&gt;
              &lt;td&gt;Geo Subject&lt;/td&gt;
              &lt;td&gt;Egypt, Philadelphia (Extinct city)&lt;/td&gt;
            &lt;/tr&gt;
            &lt;tr&gt;
              &lt;td&gt;ID&lt;/td&gt;
              &lt;td&gt;isaw_asp000041&lt;/td&gt;
            &lt;/tr&gt;
          &lt;/table&gt;
        &lt;/div&gt;
</description>
      <Point>
        <coordinates>28.070686158279,27.2660957033511,0</coordinates>
      </Point>
    </Placemark>
    <Placemark id="isaw_asp000042">
      <styleUrl>#redpin</styleUrl>
      <name>Essays and texts in honor of J. David Thomas</name>
      <description>
        &lt;div&gt;&lt;/div&gt;
        &lt;div&gt;
          &lt;table&gt;
            &lt;tr&gt;
              &lt;td&gt;Title&lt;/td&gt;
              &lt;td&gt;&lt;a href="http://hdl.handle.net/2333.1/7m0cg357"&gt;Essays and texts in honor of J. David Thomas&lt;/a&gt;&lt;/td&gt;
            &lt;/tr&gt;
            &lt;tr&gt;
              &lt;td&gt;Subtitle&lt;/td&gt;
              &lt;td&gt;&lt;/td&gt;
            &lt;/tr&gt;
            &lt;tr&gt;
              &lt;td&gt;Author&lt;/td&gt;
              &lt;td&gt;Gagos, Traianos. - Bagnall, Roger S. - Thomas, J. David (John David), honoree.&lt;/td&gt;
            &lt;/tr&gt;
            &lt;tr&gt;
              &lt;td&gt;Publisher&lt;/td&gt;
              &lt;td&gt;American Society of Papyrologists, Oakville, Conn., 2001&lt;/td&gt;
            &lt;/tr&gt;
            &lt;tr&gt;
              &lt;td&gt;Language&lt;/td&gt;
              &lt;td&gt;English&lt;/td&gt;
            &lt;/tr&gt;
            &lt;tr&gt;
              &lt;td&gt;Call Number&lt;/td&gt;
              &lt;td&gt;PA3339 .E88 2001&lt;/td&gt;
            &lt;/tr&gt;
            &lt;tr&gt;
              &lt;td&gt;Geo Subject&lt;/td&gt;
              &lt;td&gt;Egypt&lt;/td&gt;
            &lt;/tr&gt;
            &lt;tr&gt;
              &lt;td&gt;ID&lt;/td&gt;
              &lt;td&gt;isaw_asp000042&lt;/td&gt;
            &lt;/tr&gt;
          &lt;/table&gt;
        &lt;/div&gt;
</description>
      <Point>
        <coordinates>30.3068031906479,26.6217995559266,0</coordinates>
      </Point>
    </Placemark>
    <Placemark id="isaw_asp000043">
      <styleUrl>#redpin</styleUrl>
      <name>It is our father who writes</name>
      <description>
        &lt;div&gt;&lt;/div&gt;
        &lt;div&gt;
          &lt;table&gt;
            &lt;tr&gt;
              &lt;td&gt;Title&lt;/td&gt;
              &lt;td&gt;&lt;a href="http://hdl.handle.net/2333.1/gf1vhmd4"&gt;It is our father who writes&lt;/a&gt;&lt;/td&gt;
            &lt;/tr&gt;
            &lt;tr&gt;
              &lt;td&gt;Subtitle&lt;/td&gt;
              &lt;td&gt;orders from the Monastery of Apollo at Bawit&lt;/td&gt;
            &lt;/tr&gt;
            &lt;tr&gt;
              &lt;td&gt;Author&lt;/td&gt;
              &lt;td&gt;Clackson, S. (Sarah)&lt;/td&gt;
            &lt;/tr&gt;
            &lt;tr&gt;
              &lt;td&gt;Publisher&lt;/td&gt;
              &lt;td&gt;American Society of Papyrologists, Cincinnati, Ohio, 2008&lt;/td&gt;
            &lt;/tr&gt;
            &lt;tr&gt;
              &lt;td&gt;Language&lt;/td&gt;
              &lt;td&gt;English&lt;/td&gt;
            &lt;/tr&gt;
            &lt;tr&gt;
              &lt;td&gt;Call Number&lt;/td&gt;
              &lt;td&gt;BX138.B39 C53 2008&lt;/td&gt;
            &lt;/tr&gt;
            &lt;tr&gt;
              &lt;td&gt;Geo Subject&lt;/td&gt;
              &lt;td&gt;Bawit, Bawit (Egypt), Egypt&lt;/td&gt;
            &lt;/tr&gt;
            &lt;tr&gt;
              &lt;td&gt;ID&lt;/td&gt;
              &lt;td&gt;isaw_asp000043&lt;/td&gt;
            &lt;/tr&gt;
          &lt;/table&gt;
        &lt;/div&gt;
</description>
      <Point>
        <coordinates>27.8042789560574,25.3488008207735,0</coordinates>
      </Point>
    </Placemark>
    <Placemark id="isaw_asp000044">
      <styleUrl>#redpin</styleUrl>
      <name>Greek documentary papyri from Egypt in the Berlin Aegyptisches Museum</name>
      <description>
        &lt;div&gt;&lt;/div&gt;
        &lt;div&gt;
          &lt;table&gt;
            &lt;tr&gt;
              &lt;td&gt;Title&lt;/td&gt;
              &lt;td&gt;&lt;a href="http://hdl.handle.net/2333.1/08kprwkb"&gt;Greek documentary papyri from Egypt in the Berlin Aegyptisches Museum&lt;/a&gt;&lt;/td&gt;
            &lt;/tr&gt;
            &lt;tr&gt;
              &lt;td&gt;Subtitle&lt;/td&gt;
              &lt;td&gt;(P.Berl.Cohen)&lt;/td&gt;
            &lt;/tr&gt;
            &lt;tr&gt;
              &lt;td&gt;Author&lt;/td&gt;
              &lt;td&gt;Cohen, Nahum, 1947-&lt;/td&gt;
            &lt;/tr&gt;
            &lt;tr&gt;
              &lt;td&gt;Publisher&lt;/td&gt;
              &lt;td&gt;American Studies in Papyrology, New Haven, Conn, 2007&lt;/td&gt;
            &lt;/tr&gt;
            &lt;tr&gt;
              &lt;td&gt;Language&lt;/td&gt;
              &lt;td&gt;English&lt;/td&gt;
            &lt;/tr&gt;
            &lt;tr&gt;
              &lt;td&gt;Call Number&lt;/td&gt;
              &lt;td&gt;DT137.A77 C64 2007&lt;/td&gt;
            &lt;/tr&gt;
            &lt;tr&gt;
              &lt;td&gt;Geo Subject&lt;/td&gt;
              &lt;td&gt;Arsinoite Nome (Egypt), Egypt&lt;/td&gt;
            &lt;/tr&gt;
            &lt;tr&gt;
              &lt;td&gt;ID&lt;/td&gt;
              &lt;td&gt;isaw_asp000044&lt;/td&gt;
            &lt;/tr&gt;
          &lt;/table&gt;
        &lt;/div&gt;
</description>
      <Point>
        <coordinates>30.0011724652005,26.4178454858038,0</coordinates>
      </Point>
    </Placemark>
    <Placemark id="isaw_asp000045">
      <styleUrl>#redpin</styleUrl>
      <name>Annotations in Greek and Latin texts from Egypt</name>
      <description>
        &lt;div&gt;&lt;/div&gt;
        &lt;div&gt;
          &lt;table&gt;
            &lt;tr&gt;
              &lt;td&gt;Title&lt;/td&gt;
              &lt;td&gt;&lt;a href="http://hdl.handle.net/2333.1/6m905vz5"&gt;Annotations in Greek and Latin texts from Egypt&lt;/a&gt;&lt;/td&gt;
            &lt;/tr&gt;
            &lt;tr&gt;
              &lt;td&gt;Subtitle&lt;/td&gt;
              &lt;td&gt;&lt;/td&gt;
            &lt;/tr&gt;
            &lt;tr&gt;
              &lt;td&gt;Author&lt;/td&gt;
              &lt;td&gt;McNamee, Kathleen.&lt;/td&gt;
            &lt;/tr&gt;
            &lt;tr&gt;
              &lt;td&gt;Publisher&lt;/td&gt;
              &lt;td&gt;American Society of Papyrologists, New Haven, Conn., 2007&lt;/td&gt;
            &lt;/tr&gt;
            &lt;tr&gt;
              &lt;td&gt;Language&lt;/td&gt;
              &lt;td&gt;English&lt;/td&gt;
            &lt;/tr&gt;
            &lt;tr&gt;
              &lt;td&gt;Call Number&lt;/td&gt;
              &lt;td&gt;PA3343 .M39 2007&lt;/td&gt;
            &lt;/tr&gt;
            &lt;tr&gt;
              &lt;td&gt;Geo Subject&lt;/td&gt;
              &lt;td&gt;Egypt&lt;/td&gt;
            &lt;/tr&gt;
            &lt;tr&gt;
              &lt;td&gt;ID&lt;/td&gt;
              &lt;td&gt;isaw_asp000045&lt;/td&gt;
            &lt;/tr&gt;
          &lt;/table&gt;
        &lt;/div&gt;
</description>
      <Point>
        <coordinates>27.9834948538621,27.2698349482555,0</coordinates>
      </Point>
    </Placemark>
    <Placemark id="isaw_asp000046">
      <styleUrl>#redpin</styleUrl>
      <name>Monastic estates in late antique and early Islamic Egypt</name>
      <description>
        &lt;div&gt;&lt;/div&gt;
        &lt;div&gt;
          &lt;table&gt;
            &lt;tr&gt;
              &lt;td&gt;Title&lt;/td&gt;
              &lt;td&gt;&lt;a href="http://hdl.handle.net/2333.1/3tx962p2"&gt;Monastic estates in late antique and early Islamic Egypt&lt;/a&gt;&lt;/td&gt;
            &lt;/tr&gt;
            &lt;tr&gt;
              &lt;td&gt;Subtitle&lt;/td&gt;
              &lt;td&gt;ostraca, papyri, and essays in memory of Sarah Clackson (P.Clackson)&lt;/td&gt;
            &lt;/tr&gt;
            &lt;tr&gt;
              &lt;td&gt;Author&lt;/td&gt;
              &lt;td&gt;Clackson, S. (Sarah) - Bouvarel-Boud'hors, Anne.&lt;/td&gt;
            &lt;/tr&gt;
            &lt;tr&gt;
              &lt;td&gt;Publisher&lt;/td&gt;
              &lt;td&gt;American Society of Papyrologists, Cincinnati, Ohio, 2009&lt;/td&gt;
            &lt;/tr&gt;
            &lt;tr&gt;
              &lt;td&gt;Language&lt;/td&gt;
              &lt;td&gt;English&lt;/td&gt;
            &lt;/tr&gt;
            &lt;tr&gt;
              &lt;td&gt;Call Number&lt;/td&gt;
              &lt;td&gt;PJ2017.C58 M66 2009&lt;/td&gt;
            &lt;/tr&gt;
            &lt;tr&gt;
              &lt;td&gt;Geo Subject&lt;/td&gt;
              &lt;td&gt;Egypt&lt;/td&gt;
            &lt;/tr&gt;
            &lt;tr&gt;
              &lt;td&gt;ID&lt;/td&gt;
              &lt;td&gt;isaw_asp000046&lt;/td&gt;
            &lt;/tr&gt;
          &lt;/table&gt;
        &lt;/div&gt;
</description>
      <Point>
        <coordinates>30.7824985769708,26.8706250332519,0</coordinates>
      </Point>
    </Placemark>
    <Placemark id="isaw_asp000047">
      <styleUrl>#redpin</styleUrl>
      <name>In pursuit of invisibility</name>
      <description>
        &lt;div&gt;&lt;/div&gt;
        &lt;div&gt;
          &lt;table&gt;
            &lt;tr&gt;
              &lt;td&gt;Title&lt;/td&gt;
              &lt;td&gt;&lt;a href="http://hdl.handle.net/2333.1/bnzs7kwq"&gt;In pursuit of invisibility&lt;/a&gt;&lt;/td&gt;
            &lt;/tr&gt;
            &lt;tr&gt;
              &lt;td&gt;Subtitle&lt;/td&gt;
              &lt;td&gt;ritual texts from Late Roman Egypt&lt;/td&gt;
            &lt;/tr&gt;
            &lt;tr&gt;
              &lt;td&gt;Author&lt;/td&gt;
              &lt;td&gt;Phillips, Richard L., 1964-&lt;/td&gt;
            &lt;/tr&gt;
            &lt;tr&gt;
              &lt;td&gt;Publisher&lt;/td&gt;
              &lt;td&gt;American Society of Papyrologists, Durham, N.C, 2009&lt;/td&gt;
            &lt;/tr&gt;
            &lt;tr&gt;
              &lt;td&gt;Language&lt;/td&gt;
              &lt;td&gt;English&lt;/td&gt;
            &lt;/tr&gt;
            &lt;tr&gt;
              &lt;td&gt;Call Number&lt;/td&gt;
              &lt;td&gt;BF1591 .P49 2009&lt;/td&gt;
            &lt;/tr&gt;
            &lt;tr&gt;
              &lt;td&gt;Geo Subject&lt;/td&gt;
              &lt;td&gt;Egypt&lt;/td&gt;
            &lt;/tr&gt;
            &lt;tr&gt;
              &lt;td&gt;ID&lt;/td&gt;
              &lt;td&gt;isaw_asp000047&lt;/td&gt;
            &lt;/tr&gt;
          &lt;/table&gt;
        &lt;/div&gt;
</description>
      <Point>
        <coordinates>28.4573887435084,25.9683803496645,0</coordinates>
      </Point>
    </Placemark>
    <Placemark id="isaw_awdl_catalog000001">
      <styleUrl>#redpin</styleUrl>
      <name>Designing identity</name>
      <description>
        &lt;div&gt;&lt;/div&gt;
        &lt;div&gt;
          &lt;table&gt;
            &lt;tr&gt;
              &lt;td&gt;Title&lt;/td&gt;
              &lt;td&gt;&lt;a href="http://hdl.handle.net/2333.1/w0vt4hfq"&gt;Designing identity&lt;/a&gt;&lt;/td&gt;
            &lt;/tr&gt;
            &lt;tr&gt;
              &lt;td&gt;Subtitle&lt;/td&gt;
              &lt;td&gt;the power of textiles in late antiquity&lt;/td&gt;
            &lt;/tr&gt;
            &lt;tr&gt;
              &lt;td&gt;Author&lt;/td&gt;
              &lt;td&gt;Thomas, Thelma K., editor. - Ball, Jennifer (Jennifer L.), author. - Bleiberg, Edward, 1951-, author. - Colburn, Kathrin, author. - Evans, Helen C., author. - Kondoleon, Christine, author. - Ratliff, Brandie, author. - Williams, Elizabeth Dospel, author.&lt;/td&gt;
            &lt;/tr&gt;
            &lt;tr&gt;
              &lt;td&gt;Publisher&lt;/td&gt;
              &lt;td&gt;Institute for the Study of the Ancient World, New York, NY, 20162016&lt;/td&gt;
            &lt;/tr&gt;
            &lt;tr&gt;
              &lt;td&gt;Language&lt;/td&gt;
              &lt;td&gt;English&lt;/td&gt;
            &lt;/tr&gt;
            &lt;tr&gt;
              &lt;td&gt;Call Number&lt;/td&gt;
              &lt;td&gt;NK8907 .D47x 2016&lt;/td&gt;
            &lt;/tr&gt;
            &lt;tr&gt;
              &lt;td&gt;Geo Subject&lt;/td&gt;
              &lt;td&gt;Mediterranean Region, Middle East, Rome&lt;/td&gt;
            &lt;/tr&gt;
            &lt;tr&gt;
              &lt;td&gt;ID&lt;/td&gt;
              &lt;td&gt;isaw_awdl_catalog000001&lt;/td&gt;
            &lt;/tr&gt;
          &lt;/table&gt;
        &lt;/div&gt;
</description>
      <Point>
        <coordinates>30.738928933847,37.1909796713374,0</coordinates>
      </Point>
    </Placemark>
    <Placemark id="isaw_basp000002">
      <styleUrl>#redpin</styleUrl>
      <name>Regnal formulas in Byzantine Egypt</name>
      <description>
        &lt;div&gt;&lt;/div&gt;
        &lt;div&gt;
          &lt;table&gt;
            &lt;tr&gt;
              &lt;td&gt;Title&lt;/td&gt;
              &lt;td&gt;&lt;a href="http://hdl.handle.net/2333.1/mkkwhcf4"&gt;Regnal formulas in Byzantine Egypt&lt;/a&gt;&lt;/td&gt;
            &lt;/tr&gt;
            &lt;tr&gt;
              &lt;td&gt;Subtitle&lt;/td&gt;
              &lt;td&gt;&lt;/td&gt;
            &lt;/tr&gt;
            &lt;tr&gt;
              &lt;td&gt;Author&lt;/td&gt;
              &lt;td&gt;Bagnall, Roger S. - Worp, K. A. (Klaas Anthony)&lt;/td&gt;
            &lt;/tr&gt;
            &lt;tr&gt;
              &lt;td&gt;Publisher&lt;/td&gt;
              &lt;td&gt;Scholars Press, Missoula, Mont, 1979&lt;/td&gt;
            &lt;/tr&gt;
            &lt;tr&gt;
              &lt;td&gt;Language&lt;/td&gt;
              &lt;td&gt;English&lt;/td&gt;
            &lt;/tr&gt;
            &lt;tr&gt;
              &lt;td&gt;Call Number&lt;/td&gt;
              &lt;td&gt;CE42 .B33&lt;/td&gt;
            &lt;/tr&gt;
            &lt;tr&gt;
              &lt;td&gt;Geo Subject&lt;/td&gt;
              &lt;td&gt;Egypt&lt;/td&gt;
            &lt;/tr&gt;
            &lt;tr&gt;
              &lt;td&gt;ID&lt;/td&gt;
              &lt;td&gt;isaw_basp000002&lt;/td&gt;
            &lt;/tr&gt;
          &lt;/table&gt;
        &lt;/div&gt;
</description>
      <Point>
        <coordinates>30.6579457665572,25.4340577139427,0</coordinates>
      </Point>
    </Placemark>
    <Placemark id="isaw_basp000005">
      <styleUrl>#redpin</styleUrl>
      <name>Currency and inflation in fourth century Egypt</name>
      <description>
        &lt;div&gt;&lt;/div&gt;
        &lt;div&gt;
          &lt;table&gt;
            &lt;tr&gt;
              &lt;td&gt;Title&lt;/td&gt;
              &lt;td&gt;&lt;a href="http://hdl.handle.net/2333.1/vq83br0t"&gt;Currency and inflation in fourth century Egypt&lt;/a&gt;&lt;/td&gt;
            &lt;/tr&gt;
            &lt;tr&gt;
              &lt;td&gt;Subtitle&lt;/td&gt;
              &lt;td&gt;&lt;/td&gt;
            &lt;/tr&gt;
            &lt;tr&gt;
              &lt;td&gt;Author&lt;/td&gt;
              &lt;td&gt;Bagnall, Roger S.&lt;/td&gt;
            &lt;/tr&gt;
            &lt;tr&gt;
              &lt;td&gt;Publisher&lt;/td&gt;
              &lt;td&gt;Scholars Press, Chico, CA, 1985&lt;/td&gt;
            &lt;/tr&gt;
            &lt;tr&gt;
              &lt;td&gt;Language&lt;/td&gt;
              &lt;td&gt;English&lt;/td&gt;
            &lt;/tr&gt;
            &lt;tr&gt;
              &lt;td&gt;Call Number&lt;/td&gt;
              &lt;td&gt;HG1336 .B34 1985&lt;/td&gt;
            &lt;/tr&gt;
            &lt;tr&gt;
              &lt;td&gt;Geo Subject&lt;/td&gt;
              &lt;td&gt;Egypt&lt;/td&gt;
            &lt;/tr&gt;
            &lt;tr&gt;
              &lt;td&gt;ID&lt;/td&gt;
              &lt;td&gt;isaw_basp000005&lt;/td&gt;
            &lt;/tr&gt;
          &lt;/table&gt;
        &lt;/div&gt;
</description>
      <Point>
        <coordinates>30.8485559940266,25.9063823391384,0</coordinates>
      </Point>
    </Placemark>
    <Placemark id="isaw_basp000006">
      <styleUrl>#redpin</styleUrl>
      <name>The production and use of vegetable oils in Ptolemaic Egypt</name>
      <description>
        &lt;div&gt;&lt;/div&gt;
        &lt;div&gt;
          &lt;table&gt;
            &lt;tr&gt;
              &lt;td&gt;Title&lt;/td&gt;
              &lt;td&gt;&lt;a href="http://hdl.handle.net/2333.1/c2fqzbfs"&gt;The production and use of vegetable oils in Ptolemaic Egypt&lt;/a&gt;&lt;/td&gt;
            &lt;/tr&gt;
            &lt;tr&gt;
              &lt;td&gt;Subtitle&lt;/td&gt;
              &lt;td&gt;&lt;/td&gt;
            &lt;/tr&gt;
            &lt;tr&gt;
              &lt;td&gt;Author&lt;/td&gt;
              &lt;td&gt;Sandy, D. Brent.&lt;/td&gt;
            &lt;/tr&gt;
            &lt;tr&gt;
              &lt;td&gt;Publisher&lt;/td&gt;
              &lt;td&gt;Scholars Press, Atlanta, Ga, 1989&lt;/td&gt;
            &lt;/tr&gt;
            &lt;tr&gt;
              &lt;td&gt;Language&lt;/td&gt;
              &lt;td&gt;English&lt;/td&gt;
            &lt;/tr&gt;
            &lt;tr&gt;
              &lt;td&gt;Call Number&lt;/td&gt;
              &lt;td&gt;TP680 .S26 1989&lt;/td&gt;
            &lt;/tr&gt;
            &lt;tr&gt;
              &lt;td&gt;Geo Subject&lt;/td&gt;
              &lt;td&gt;Egypt&lt;/td&gt;
            &lt;/tr&gt;
            &lt;tr&gt;
              &lt;td&gt;ID&lt;/td&gt;
              &lt;td&gt;isaw_basp000006&lt;/td&gt;
            &lt;/tr&gt;
          &lt;/table&gt;
        &lt;/div&gt;
</description>
      <Point>
        <coordinates>29.9976513206507,26.4052336766695,0</coordinates>
      </Point>
    </Placemark>
    <Placemark id="isaw_basp000008">
      <styleUrl>#redpin</styleUrl>
      <name>The Ptolemaic Basilikos Grammateus</name>
      <description>
        &lt;div&gt;&lt;/div&gt;
        &lt;div&gt;
          &lt;table&gt;
            &lt;tr&gt;
              &lt;td&gt;Title&lt;/td&gt;
              &lt;td&gt;&lt;a href="http://hdl.handle.net/2333.1/7d7wm7m8"&gt;The Ptolemaic Basilikos Grammateus&lt;/a&gt;&lt;/td&gt;
            &lt;/tr&gt;
            &lt;tr&gt;
              &lt;td&gt;Subtitle&lt;/td&gt;
              &lt;td&gt;&lt;/td&gt;
            &lt;/tr&gt;
            &lt;tr&gt;
              &lt;td&gt;Author&lt;/td&gt;
              &lt;td&gt;Oates, John F.&lt;/td&gt;
            &lt;/tr&gt;
            &lt;tr&gt;
              &lt;td&gt;Publisher&lt;/td&gt;
              &lt;td&gt;Scholars Press, Atlanta, GA, 1995&lt;/td&gt;
            &lt;/tr&gt;
            &lt;tr&gt;
              &lt;td&gt;Language&lt;/td&gt;
              &lt;td&gt;English&lt;/td&gt;
            &lt;/tr&gt;
            &lt;tr&gt;
              &lt;td&gt;Call Number&lt;/td&gt;
              &lt;td&gt;DT65 .O17 1995&lt;/td&gt;
            &lt;/tr&gt;
            &lt;tr&gt;
              &lt;td&gt;Geo Subject&lt;/td&gt;
              &lt;td&gt;Egypt&lt;/td&gt;
            &lt;/tr&gt;
            &lt;tr&gt;
              &lt;td&gt;ID&lt;/td&gt;
              &lt;td&gt;isaw_basp000008&lt;/td&gt;
            &lt;/tr&gt;
          &lt;/table&gt;
        &lt;/div&gt;
</description>
      <Point>
        <coordinates>30.9366016222185,25.2060644671878,0</coordinates>
      </Point>
    </Placemark>
    <Placemark id="isaw_har000001">
      <styleUrl>#redpin</styleUrl>
      <name>Die Papyri der Universit&#xE4;tsbibliothek Erlangen</name>
      <description>
        &lt;div&gt;&lt;/div&gt;
        &lt;div&gt;
          &lt;table&gt;
            &lt;tr&gt;
              &lt;td&gt;Title&lt;/td&gt;
              &lt;td&gt;&lt;a href="http://hdl.handle.net/2333.1/3n5tb734"&gt;Die Papyri der Universit&#xE4;tsbibliothek Erlangen&lt;/a&gt;&lt;/td&gt;
            &lt;/tr&gt;
            &lt;tr&gt;
              &lt;td&gt;Subtitle&lt;/td&gt;
              &lt;td&gt;&lt;/td&gt;
            &lt;/tr&gt;
            &lt;tr&gt;
              &lt;td&gt;Author&lt;/td&gt;
              &lt;td&gt;Schubart, Wilhelm, 1873-&lt;/td&gt;
            &lt;/tr&gt;
            &lt;tr&gt;
              &lt;td&gt;Publisher&lt;/td&gt;
              &lt;td&gt;O. Harrassowitz, Leipzig, 1942&lt;/td&gt;
            &lt;/tr&gt;
            &lt;tr&gt;
              &lt;td&gt;Language&lt;/td&gt;
              &lt;td&gt;German&lt;/td&gt;
            &lt;/tr&gt;
            &lt;tr&gt;
              &lt;td&gt;Call Number&lt;/td&gt;
              &lt;td&gt;&lt;/td&gt;
            &lt;/tr&gt;
            &lt;tr&gt;
              &lt;td&gt;Geo Subject&lt;/td&gt;
              &lt;td&gt;Erlangen, Germany&lt;/td&gt;
            &lt;/tr&gt;
            &lt;tr&gt;
              &lt;td&gt;ID&lt;/td&gt;
              &lt;td&gt;isaw_har000001&lt;/td&gt;
            &lt;/tr&gt;
          &lt;/table&gt;
        &lt;/div&gt;
</description>
      <Point>
        <coordinates>8.80815032240545,51.9878626291519,0</coordinates>
      </Point>
    </Placemark>
    <Placemark id="isaw_har000002">
      <styleUrl>#redpin</styleUrl>
      <name>&#xC4;gyptische Ehevertr&#xE4;ge</name>
      <description>
        &lt;div&gt;&lt;/div&gt;
        &lt;div&gt;
          &lt;table&gt;
            &lt;tr&gt;
              &lt;td&gt;Title&lt;/td&gt;
              &lt;td&gt;&lt;a href="http://hdl.handle.net/2333.1/zw3r26r0"&gt;&#xC4;gyptische Ehevertr&#xE4;ge&lt;/a&gt;&lt;/td&gt;
            &lt;/tr&gt;
            &lt;tr&gt;
              &lt;td&gt;Subtitle&lt;/td&gt;
              &lt;td&gt;&lt;/td&gt;
            &lt;/tr&gt;
            &lt;tr&gt;
              &lt;td&gt;Author&lt;/td&gt;
              &lt;td&gt;L&#xFC;ddeckens, Erich.&lt;/td&gt;
            &lt;/tr&gt;
            &lt;tr&gt;
              &lt;td&gt;Publisher&lt;/td&gt;
              &lt;td&gt;O. Harrassowitz, Wiesbaden, 1960&lt;/td&gt;
            &lt;/tr&gt;
            &lt;tr&gt;
              &lt;td&gt;Language&lt;/td&gt;
              &lt;td&gt;German&lt;/td&gt;
            &lt;/tr&gt;
            &lt;tr&gt;
              &lt;td&gt;Call Number&lt;/td&gt;
              &lt;td&gt;&lt;/td&gt;
            &lt;/tr&gt;
            &lt;tr&gt;
              &lt;td&gt;Geo Subject&lt;/td&gt;
              &lt;td&gt;Egypt&lt;/td&gt;
            &lt;/tr&gt;
            &lt;tr&gt;
              &lt;td&gt;ID&lt;/td&gt;
              &lt;td&gt;isaw_har000002&lt;/td&gt;
            &lt;/tr&gt;
          &lt;/table&gt;
        &lt;/div&gt;
</description>
      <Point>
        <coordinates>30.624135556631,26.7932673354707,0</coordinates>
      </Point>
    </Placemark>
    <Placemark id="isaw_islet000002">
      <styleUrl>#redpin</styleUrl>
      <name>Urkunden zum Ehe-, Verm&#xF6;gens- und Erbrecht aus verschiedenen neubabylonischen Archiven</name>
      <description>
        &lt;div&gt;&lt;/div&gt;
        &lt;div&gt;
          &lt;table&gt;
            &lt;tr&gt;
              &lt;td&gt;Title&lt;/td&gt;
              &lt;td&gt;&lt;a href="http://hdl.handle.net/2333.1/t4b8h07h"&gt;Urkunden zum Ehe-, Verm&#xF6;gens- und Erbrecht aus verschiedenen neubabylonischen Archiven&lt;/a&gt;&lt;/td&gt;
            &lt;/tr&gt;
            &lt;tr&gt;
              &lt;td&gt;Subtitle&lt;/td&gt;
              &lt;td&gt;&lt;/td&gt;
            &lt;/tr&gt;
            &lt;tr&gt;
              &lt;td&gt;Author&lt;/td&gt;
              &lt;td&gt;Wunsch, Cornelia.&lt;/td&gt;
            &lt;/tr&gt;
            &lt;tr&gt;
              &lt;td&gt;Publisher&lt;/td&gt;
              &lt;td&gt;Islet, Dresden, 2003&lt;/td&gt;
            &lt;/tr&gt;
            &lt;tr&gt;
              &lt;td&gt;Language&lt;/td&gt;
              &lt;td&gt;German&lt;/td&gt;
            &lt;/tr&gt;
            &lt;tr&gt;
              &lt;td&gt;Call Number&lt;/td&gt;
              &lt;td&gt;KL2246 .W958 2003&lt;/td&gt;
            &lt;/tr&gt;
            &lt;tr&gt;
              &lt;td&gt;Geo Subject&lt;/td&gt;
              &lt;td&gt;Babylonia, Iraq&lt;/td&gt;
            &lt;/tr&gt;
            &lt;tr&gt;
              &lt;td&gt;ID&lt;/td&gt;
              &lt;td&gt;isaw_islet000002&lt;/td&gt;
            &lt;/tr&gt;
          &lt;/table&gt;
        &lt;/div&gt;
</description>
      <Point>
        <coordinates>45.211400058257,33.3591128227218,0</coordinates>
      </Point>
    </Placemark>
    <Placemark id="isaw_pbrx000001">
      <styleUrl>#redpin</styleUrl>
      <name>A sixth century account of hay (P. Iand. inv. 653)</name>
      <description>
        &lt;div&gt;&lt;/div&gt;
        &lt;div&gt;
          &lt;table&gt;
            &lt;tr&gt;
              &lt;td&gt;Title&lt;/td&gt;
              &lt;td&gt;&lt;a href="http://hdl.handle.net/2333.1/m63xspzx"&gt;A sixth century account of hay (P. Iand. inv. 653)&lt;/a&gt;&lt;/td&gt;
            &lt;/tr&gt;
            &lt;tr&gt;
              &lt;td&gt;Subtitle&lt;/td&gt;
              &lt;td&gt;&lt;/td&gt;
            &lt;/tr&gt;
            &lt;tr&gt;
              &lt;td&gt;Author&lt;/td&gt;
              &lt;td&gt;Reekmans, T. - Bagnall, Roger S., donor.&lt;/td&gt;
            &lt;/tr&gt;
            &lt;tr&gt;
              &lt;td&gt;Publisher&lt;/td&gt;
              &lt;td&gt;Fondation &#xE9;gyptologique reine &#xC9;lisabeth, Bruxelles, 1962&lt;/td&gt;
            &lt;/tr&gt;
            &lt;tr&gt;
              &lt;td&gt;Language&lt;/td&gt;
              &lt;td&gt;English&lt;/td&gt;
            &lt;/tr&gt;
            &lt;tr&gt;
              &lt;td&gt;Call Number&lt;/td&gt;
              &lt;td&gt;PA3343 .R4&lt;/td&gt;
            &lt;/tr&gt;
            &lt;tr&gt;
              &lt;td&gt;Geo Subject&lt;/td&gt;
              &lt;td&gt;Egypt&lt;/td&gt;
            &lt;/tr&gt;
            &lt;tr&gt;
              &lt;td&gt;ID&lt;/td&gt;
              &lt;td&gt;isaw_pbrx000001&lt;/td&gt;
            &lt;/tr&gt;
          &lt;/table&gt;
        &lt;/div&gt;
</description>
      <Point>
        <coordinates>28.0709175812088,26.7487764775321,0</coordinates>
      </Point>
    </Placemark>
    <Placemark id="isaw_pbrx000002">
      <styleUrl>#redpin</styleUrl>
      <name>Les titulatures imp&#xE9;riales dans les papyrus, les ostraca et les inscriptions d'&#xC9;gypte (30 a.C.-284 p.C.)</name>
      <description>
        &lt;div&gt;&lt;/div&gt;
        &lt;div&gt;
          &lt;table&gt;
            &lt;tr&gt;
              &lt;td&gt;Title&lt;/td&gt;
              &lt;td&gt;&lt;a href="http://hdl.handle.net/2333.1/gf1vhpdj"&gt;Les titulatures imp&#xE9;riales dans les papyrus, les ostraca et les inscriptions d'&#xC9;gypte (30 a.C.-284 p.C.)&lt;/a&gt;&lt;/td&gt;
            &lt;/tr&gt;
            &lt;tr&gt;
              &lt;td&gt;Subtitle&lt;/td&gt;
              &lt;td&gt;&lt;/td&gt;
            &lt;/tr&gt;
            &lt;tr&gt;
              &lt;td&gt;Author&lt;/td&gt;
              &lt;td&gt;Bureth, Paul. - Preisigke, Friedrich, 1856-1924&lt;/td&gt;
            &lt;/tr&gt;
            &lt;tr&gt;
              &lt;td&gt;Publisher&lt;/td&gt;
              &lt;td&gt;Fondation &#xE9;gyptologique reine Elisabeth, Bruxelles, 1964&lt;/td&gt;
            &lt;/tr&gt;
            &lt;tr&gt;
              &lt;td&gt;Language&lt;/td&gt;
              &lt;td&gt;French&lt;/td&gt;
            &lt;/tr&gt;
            &lt;tr&gt;
              &lt;td&gt;Call Number&lt;/td&gt;
              &lt;td&gt;DG274 .B87&lt;/td&gt;
            &lt;/tr&gt;
            &lt;tr&gt;
              &lt;td&gt;Geo Subject&lt;/td&gt;
              &lt;td&gt;Egypt, Rome&lt;/td&gt;
            &lt;/tr&gt;
            &lt;tr&gt;
              &lt;td&gt;ID&lt;/td&gt;
              &lt;td&gt;isaw_pbrx000002&lt;/td&gt;
            &lt;/tr&gt;
          &lt;/table&gt;
        &lt;/div&gt;
</description>
      <Point>
        <coordinates>12.5077212454926,41.8748213639137,0</coordinates>
      </Point>
    </Placemark>
    <Placemark id="isaw_pbrx000003">
      <styleUrl>#redpin</styleUrl>
      <name>La sitom&#xE9;trie dans les archives de Z&#xE9;non</name>
      <description>
        &lt;div&gt;&lt;/div&gt;
        &lt;div&gt;
          &lt;table&gt;
            &lt;tr&gt;
              &lt;td&gt;Title&lt;/td&gt;
              &lt;td&gt;&lt;a href="http://hdl.handle.net/2333.1/bnzs7nxc"&gt;La sitom&#xE9;trie dans les archives de Z&#xE9;non&lt;/a&gt;&lt;/td&gt;
            &lt;/tr&gt;
            &lt;tr&gt;
              &lt;td&gt;Subtitle&lt;/td&gt;
              &lt;td&gt;&lt;/td&gt;
            &lt;/tr&gt;
            &lt;tr&gt;
              &lt;td&gt;Author&lt;/td&gt;
              &lt;td&gt;Reekmans, T.&lt;/td&gt;
            &lt;/tr&gt;
            &lt;tr&gt;
              &lt;td&gt;Publisher&lt;/td&gt;
              &lt;td&gt;Fondation &#xE9;gyptologique Reine &#xC9;lisazeth, Bruxelles, 1966&lt;/td&gt;
            &lt;/tr&gt;
            &lt;tr&gt;
              &lt;td&gt;Language&lt;/td&gt;
              &lt;td&gt;French&lt;/td&gt;
            &lt;/tr&gt;
            &lt;tr&gt;
              &lt;td&gt;Call Number&lt;/td&gt;
              &lt;td&gt;HD9017.E4 R4&lt;/td&gt;
            &lt;/tr&gt;
            &lt;tr&gt;
              &lt;td&gt;Geo Subject&lt;/td&gt;
              &lt;td&gt;Egypt&lt;/td&gt;
            &lt;/tr&gt;
            &lt;tr&gt;
              &lt;td&gt;ID&lt;/td&gt;
              &lt;td&gt;isaw_pbrx000003&lt;/td&gt;
            &lt;/tr&gt;
          &lt;/table&gt;
        &lt;/div&gt;
</description>
      <Point>
        <coordinates>30.8907073679432,25.0539944113076,0</coordinates>
      </Point>
    </Placemark>
    <Placemark id="isaw_pbrx000004">
      <styleUrl>#redpin</styleUrl>
      <name>Reports of proceedings in papyri</name>
      <description>
        &lt;div&gt;&lt;/div&gt;
        &lt;div&gt;
          &lt;table&gt;
            &lt;tr&gt;
              &lt;td&gt;Title&lt;/td&gt;
              &lt;td&gt;&lt;a href="http://hdl.handle.net/2333.1/70rxwk3z"&gt;Reports of proceedings in papyri&lt;/a&gt;&lt;/td&gt;
            &lt;/tr&gt;
            &lt;tr&gt;
              &lt;td&gt;Subtitle&lt;/td&gt;
              &lt;td&gt;&lt;/td&gt;
            &lt;/tr&gt;
            &lt;tr&gt;
              &lt;td&gt;Author&lt;/td&gt;
              &lt;td&gt;Coles, R. A. (Revel A.), author.&lt;/td&gt;
            &lt;/tr&gt;
            &lt;tr&gt;
              &lt;td&gt;Publisher&lt;/td&gt;
              &lt;td&gt;Fondation &#xC9;gyptologique Reine &#xC9;lisabeth, Bruxelles, 1966&lt;/td&gt;
            &lt;/tr&gt;
            &lt;tr&gt;
              &lt;td&gt;Language&lt;/td&gt;
              &lt;td&gt;English&lt;/td&gt;
            &lt;/tr&gt;
            &lt;tr&gt;
              &lt;td&gt;Call Number&lt;/td&gt;
              &lt;td&gt;PA3339 .P34 v.4&lt;/td&gt;
            &lt;/tr&gt;
            &lt;tr&gt;
              &lt;td&gt;Geo Subject&lt;/td&gt;
              &lt;td&gt;Egypt&lt;/td&gt;
            &lt;/tr&gt;
            &lt;tr&gt;
              &lt;td&gt;ID&lt;/td&gt;
              &lt;td&gt;isaw_pbrx000004&lt;/td&gt;
            &lt;/tr&gt;
          &lt;/table&gt;
        &lt;/div&gt;
</description>
      <Point>
        <coordinates>27.6255563513473,25.9093330971723,0</coordinates>
      </Point>
    </Placemark>
    <Placemark id="isaw_pbrx000005">
      <styleUrl>#redpin</styleUrl>
      <name>Le bordereau d'ensemencement dans l'&#xC9;gypte ptol&#xE9;ma&#xEF;que</name>
      <description>
        &lt;div&gt;&lt;/div&gt;
        &lt;div&gt;
          &lt;table&gt;
            &lt;tr&gt;
              &lt;td&gt;Title&lt;/td&gt;
              &lt;td&gt;&lt;a href="http://hdl.handle.net/2333.1/34tmpnfv"&gt;Le bordereau d'ensemencement dans l'&#xC9;gypte ptol&#xE9;ma&#xEF;que&lt;/a&gt;&lt;/td&gt;
            &lt;/tr&gt;
            &lt;tr&gt;
              &lt;td&gt;Subtitle&lt;/td&gt;
              &lt;td&gt;&lt;/td&gt;
            &lt;/tr&gt;
            &lt;tr&gt;
              &lt;td&gt;Author&lt;/td&gt;
              &lt;td&gt;Vidal-Naquet, Pierre, 1930-2006&lt;/td&gt;
            &lt;/tr&gt;
            &lt;tr&gt;
              &lt;td&gt;Publisher&lt;/td&gt;
              &lt;td&gt;Fondation &#xE9;gyptologique Reine Elisabeth, Bruxelles, 1967&lt;/td&gt;
            &lt;/tr&gt;
            &lt;tr&gt;
              &lt;td&gt;Language&lt;/td&gt;
              &lt;td&gt;French&lt;/td&gt;
            &lt;/tr&gt;
            &lt;tr&gt;
              &lt;td&gt;Call Number&lt;/td&gt;
              &lt;td&gt;HD2122 .V53&lt;/td&gt;
            &lt;/tr&gt;
            &lt;tr&gt;
              &lt;td&gt;Geo Subject&lt;/td&gt;
              &lt;td&gt;Egypt&lt;/td&gt;
            &lt;/tr&gt;
            &lt;tr&gt;
              &lt;td&gt;ID&lt;/td&gt;
              &lt;td&gt;isaw_pbrx000005&lt;/td&gt;
            &lt;/tr&gt;
          &lt;/table&gt;
        &lt;/div&gt;
</description>
      <Point>
        <coordinates>30.9026056737431,27.2678385333654,0</coordinates>
      </Point>
    </Placemark>
    <Placemark id="isaw_pbrx000006">
      <styleUrl>#redpin</styleUrl>
      <name>Recherches de papyrologie litt&#xE9;raire</name>
      <description>
        &lt;div&gt;&lt;/div&gt;
        &lt;div&gt;
          &lt;table&gt;
            &lt;tr&gt;
              &lt;td&gt;Title&lt;/td&gt;
              &lt;td&gt;&lt;a href="http://hdl.handle.net/2333.1/zcrjdn2p"&gt;Recherches de papyrologie litt&#xE9;raire&lt;/a&gt;&lt;/td&gt;
            &lt;/tr&gt;
            &lt;tr&gt;
              &lt;td&gt;Subtitle&lt;/td&gt;
              &lt;td&gt;&lt;/td&gt;
            &lt;/tr&gt;
            &lt;tr&gt;
              &lt;td&gt;Author&lt;/td&gt;
              &lt;td&gt;Mertens, Paul, 1925-2011&lt;/td&gt;
            &lt;/tr&gt;
            &lt;tr&gt;
              &lt;td&gt;Publisher&lt;/td&gt;
              &lt;td&gt;Fondation &#xC9;gyptologique Reine &#xC9;lisabeth, Bruxelles, 1968&lt;/td&gt;
            &lt;/tr&gt;
            &lt;tr&gt;
              &lt;td&gt;Language&lt;/td&gt;
              &lt;td&gt;French&lt;/td&gt;
            &lt;/tr&gt;
            &lt;tr&gt;
              &lt;td&gt;Call Number&lt;/td&gt;
              &lt;td&gt;Z6605.G7 M53&lt;/td&gt;
            &lt;/tr&gt;
            &lt;tr&gt;
              &lt;td&gt;Geo Subject&lt;/td&gt;
              &lt;td&gt;Egypt&lt;/td&gt;
            &lt;/tr&gt;
            &lt;tr&gt;
              &lt;td&gt;ID&lt;/td&gt;
              &lt;td&gt;isaw_pbrx000006&lt;/td&gt;
            &lt;/tr&gt;
          &lt;/table&gt;
        &lt;/div&gt;
</description>
      <Point>
        <coordinates>28.2209358924779,24.9705208803331,0</coordinates>
      </Point>
    </Placemark>
    <Placemark id="isaw_pbrx000007">
      <styleUrl>#redpin</styleUrl>
      <name>Papyri variae Alexandrinae et Gissenses</name>
      <description>
        &lt;div&gt;&lt;/div&gt;
        &lt;div&gt;
          &lt;table&gt;
            &lt;tr&gt;
              &lt;td&gt;Title&lt;/td&gt;
              &lt;td&gt;&lt;a href="http://hdl.handle.net/2333.1/tmpg4mgv"&gt;Papyri variae Alexandrinae et Gissenses&lt;/a&gt;&lt;/td&gt;
            &lt;/tr&gt;
            &lt;tr&gt;
              &lt;td&gt;Subtitle&lt;/td&gt;
              &lt;td&gt;&lt;/td&gt;
            &lt;/tr&gt;
            &lt;tr&gt;
              &lt;td&gt;Author&lt;/td&gt;
              &lt;td&gt;Schwartz, Jacques, author. - Bagnall, Roger S., donor.&lt;/td&gt;
            &lt;/tr&gt;
            &lt;tr&gt;
              &lt;td&gt;Publisher&lt;/td&gt;
              &lt;td&gt;Fondation &#xC9;gyptologique Reine &#xC9;lisabeth, Bruxelles, 1969&lt;/td&gt;
            &lt;/tr&gt;
            &lt;tr&gt;
              &lt;td&gt;Language&lt;/td&gt;
              &lt;td&gt;French&lt;/td&gt;
            &lt;/tr&gt;
            &lt;tr&gt;
              &lt;td&gt;Call Number&lt;/td&gt;
              &lt;td&gt;PA3303 .S35&lt;/td&gt;
            &lt;/tr&gt;
            &lt;tr&gt;
              &lt;td&gt;Geo Subject&lt;/td&gt;
              &lt;td&gt;Alexandria, Egypt, Germany, Giessen (Hesse)&lt;/td&gt;
            &lt;/tr&gt;
            &lt;tr&gt;
              &lt;td&gt;ID&lt;/td&gt;
              &lt;td&gt;isaw_pbrx000007&lt;/td&gt;
            &lt;/tr&gt;
          &lt;/table&gt;
        &lt;/div&gt;
</description>
      <Point>
        <coordinates>8.95381468158043,51.1916698731301,0</coordinates>
      </Point>
    </Placemark>
    <Placemark id="isaw_pbrx000008">
      <styleUrl>#redpin</styleUrl>
      <name>Epimerismos</name>
      <description>
        &lt;div&gt;&lt;/div&gt;
        &lt;div&gt;
          &lt;table&gt;
            &lt;tr&gt;
              &lt;td&gt;Title&lt;/td&gt;
              &lt;td&gt;&lt;a href="http://hdl.handle.net/2333.1/pvmcvkzc"&gt;Epimerismos&lt;/a&gt;&lt;/td&gt;
            &lt;/tr&gt;
            &lt;tr&gt;
              &lt;td&gt;Subtitle&lt;/td&gt;
              &lt;td&gt;Betrachtungen zur Zwangspacht in &#xC4;gypten w&#xE4;hrend der Prinzipatszeit&lt;/td&gt;
            &lt;/tr&gt;
            &lt;tr&gt;
              &lt;td&gt;Author&lt;/td&gt;
              &lt;td&gt;Poethke, G&#xFC;nter.&lt;/td&gt;
            &lt;/tr&gt;
            &lt;tr&gt;
              &lt;td&gt;Publisher&lt;/td&gt;
              &lt;td&gt;Fondation &#xE9;gyptologique Reine &#xC9;lisabeth, Bruxelles, 1969&lt;/td&gt;
            &lt;/tr&gt;
            &lt;tr&gt;
              &lt;td&gt;Language&lt;/td&gt;
              &lt;td&gt;German&lt;/td&gt;
            &lt;/tr&gt;
            &lt;tr&gt;
              &lt;td&gt;Call Number&lt;/td&gt;
              &lt;td&gt;KL3025 .P64 1969&lt;/td&gt;
            &lt;/tr&gt;
            &lt;tr&gt;
              &lt;td&gt;Geo Subject&lt;/td&gt;
              &lt;td&gt;Egypt&lt;/td&gt;
            &lt;/tr&gt;
            &lt;tr&gt;
              &lt;td&gt;ID&lt;/td&gt;
              &lt;td&gt;isaw_pbrx000008&lt;/td&gt;
            &lt;/tr&gt;
          &lt;/table&gt;
        &lt;/div&gt;
</description>
      <Point>
        <coordinates>27.5758415689391,27.7283943397209,0</coordinates>
      </Point>
    </Placemark>
    <Placemark id="isaw_pbrx000009">
      <styleUrl>#redpin</styleUrl>
      <name>Le strat&#xE8;ge du nome</name>
      <description>
        &lt;div&gt;&lt;/div&gt;
        &lt;div&gt;
          &lt;table&gt;
            &lt;tr&gt;
              &lt;td&gt;Title&lt;/td&gt;
              &lt;td&gt;&lt;a href="http://hdl.handle.net/2333.1/k6djhh6k"&gt;Le strat&#xE8;ge du nome&lt;/a&gt;&lt;/td&gt;
            &lt;/tr&gt;
            &lt;tr&gt;
              &lt;td&gt;Subtitle&lt;/td&gt;
              &lt;td&gt;&lt;/td&gt;
            &lt;/tr&gt;
            &lt;tr&gt;
              &lt;td&gt;Author&lt;/td&gt;
              &lt;td&gt;Hohlwein, Nicolas, 1877-1962, author.&lt;/td&gt;
            &lt;/tr&gt;
            &lt;tr&gt;
              &lt;td&gt;Publisher&lt;/td&gt;
              &lt;td&gt;Fondation &#xC9;gyptologique Reine &#xC9;lisabeth, Bruxelles, 1969&lt;/td&gt;
            &lt;/tr&gt;
            &lt;tr&gt;
              &lt;td&gt;Language&lt;/td&gt;
              &lt;td&gt;French&lt;/td&gt;
            &lt;/tr&gt;
            &lt;tr&gt;
              &lt;td&gt;Call Number&lt;/td&gt;
              &lt;td&gt;DT65 .H6&lt;/td&gt;
            &lt;/tr&gt;
            &lt;tr&gt;
              &lt;td&gt;Geo Subject&lt;/td&gt;
              &lt;td&gt;Egypt&lt;/td&gt;
            &lt;/tr&gt;
            &lt;tr&gt;
              &lt;td&gt;ID&lt;/td&gt;
              &lt;td&gt;isaw_pbrx000009&lt;/td&gt;
            &lt;/tr&gt;
          &lt;/table&gt;
        &lt;/div&gt;
</description>
      <Point>
        <coordinates>29.0972653731395,26.2641108175785,0</coordinates>
      </Point>
    </Placemark>
    <Placemark id="isaw_pbrx000010">
      <styleUrl>#redpin</styleUrl>
      <name>Les ressources et les activit&#xE9;s &#xE9;conomiques des &#xE9;glises en &#xC9;gypte du IVe au VIIIe si&#xE8;cle</name>
      <description>
        &lt;div&gt;&lt;/div&gt;
        &lt;div&gt;
          &lt;table&gt;
            &lt;tr&gt;
              &lt;td&gt;Title&lt;/td&gt;
              &lt;td&gt;&lt;a href="http://hdl.handle.net/2333.1/ffbg7gqg"&gt;Les ressources et les activit&#xE9;s &#xE9;conomiques des &#xE9;glises en &#xC9;gypte du IVe au VIIIe si&#xE8;cle&lt;/a&gt;&lt;/td&gt;
            &lt;/tr&gt;
            &lt;tr&gt;
              &lt;td&gt;Subtitle&lt;/td&gt;
              &lt;td&gt;&lt;/td&gt;
            &lt;/tr&gt;
            &lt;tr&gt;
              &lt;td&gt;Author&lt;/td&gt;
              &lt;td&gt;Wipszycka, Ewa.&lt;/td&gt;
            &lt;/tr&gt;
            &lt;tr&gt;
              &lt;td&gt;Publisher&lt;/td&gt;
              &lt;td&gt;Fondation &#xC9;gyptologique Reine &#xC9;lisabeth, Bruxelles, 1972&lt;/td&gt;
            &lt;/tr&gt;
            &lt;tr&gt;
              &lt;td&gt;Language&lt;/td&gt;
              &lt;td&gt;French&lt;/td&gt;
            &lt;/tr&gt;
            &lt;tr&gt;
              &lt;td&gt;Call Number&lt;/td&gt;
              &lt;td&gt;BR190 .W567&lt;/td&gt;
            &lt;/tr&gt;
            &lt;tr&gt;
              &lt;td&gt;Geo Subject&lt;/td&gt;
              &lt;td&gt;Egypt&lt;/td&gt;
            &lt;/tr&gt;
            &lt;tr&gt;
              &lt;td&gt;ID&lt;/td&gt;
              &lt;td&gt;isaw_pbrx000010&lt;/td&gt;
            &lt;/tr&gt;
          &lt;/table&gt;
        &lt;/div&gt;
</description>
      <Point>
        <coordinates>30.6906048040259,26.3546964905001,0</coordinates>
      </Point>
    </Placemark>
    <Placemark id="isaw_pbrx000021">
      <styleUrl>#redpin</styleUrl>
      <name>Papyri in the collection of the Erasmus University (Rotterdam) (P. Erasm. I)</name>
      <description>
        &lt;div&gt;&lt;/div&gt;
        &lt;div&gt;
          &lt;table&gt;
            &lt;tr&gt;
              &lt;td&gt;Title&lt;/td&gt;
              &lt;td&gt;&lt;a href="http://hdl.handle.net/2333.1/k0p2nrzh"&gt;Papyri in the collection of the Erasmus University (Rotterdam) (P. Erasm. I)&lt;/a&gt;&lt;/td&gt;
            &lt;/tr&gt;
            &lt;tr&gt;
              &lt;td&gt;Subtitle&lt;/td&gt;
              &lt;td&gt;&lt;/td&gt;
            &lt;/tr&gt;
            &lt;tr&gt;
              &lt;td&gt;Author&lt;/td&gt;
              &lt;td&gt;Sijpesteijn, P. J. - Verdult, Ph. A. - Bagnall, Roger S., donor.&lt;/td&gt;
            &lt;/tr&gt;
            &lt;tr&gt;
              &lt;td&gt;Publisher&lt;/td&gt;
              &lt;td&gt;Fondation &#xE9;gyptologique reine &#xC9;lisabeth, Bruxelles, 1986&lt;/td&gt;
            &lt;/tr&gt;
            &lt;tr&gt;
              &lt;td&gt;Language&lt;/td&gt;
              &lt;td&gt;English&lt;/td&gt;
            &lt;/tr&gt;
            &lt;tr&gt;
              &lt;td&gt;Call Number&lt;/td&gt;
              &lt;td&gt;DT92 .S5 1986&lt;/td&gt;
            &lt;/tr&gt;
            &lt;tr&gt;
              &lt;td&gt;Geo Subject&lt;/td&gt;
              &lt;td&gt;Egypt, Netherlands, Rotterdam&lt;/td&gt;
            &lt;/tr&gt;
            &lt;tr&gt;
              &lt;td&gt;ID&lt;/td&gt;
              &lt;td&gt;isaw_pbrx000021&lt;/td&gt;
            &lt;/tr&gt;
          &lt;/table&gt;
        &lt;/div&gt;
</description>
      <Point>
        <coordinates>5.93830104138341,52.4866680872893,0</coordinates>
      </Point>
    </Placemark>
    <Placemark id="isaw_pbrx000026">
      <styleUrl>#redpin</styleUrl>
      <name>Sigla and select marginalia in Greek literary papyri</name>
      <description>
        &lt;div&gt;&lt;/div&gt;
        &lt;div&gt;
          &lt;table&gt;
            &lt;tr&gt;
              &lt;td&gt;Title&lt;/td&gt;
              &lt;td&gt;&lt;a href="http://hdl.handle.net/2333.1/f7m0crgm"&gt;Sigla and select marginalia in Greek literary papyri&lt;/a&gt;&lt;/td&gt;
            &lt;/tr&gt;
            &lt;tr&gt;
              &lt;td&gt;Subtitle&lt;/td&gt;
              &lt;td&gt;&lt;/td&gt;
            &lt;/tr&gt;
            &lt;tr&gt;
              &lt;td&gt;Author&lt;/td&gt;
              &lt;td&gt;McNamee, Kathleen. - Bagnall, Roger S., donor.&lt;/td&gt;
            &lt;/tr&gt;
            &lt;tr&gt;
              &lt;td&gt;Publisher&lt;/td&gt;
              &lt;td&gt;Fondation &#xC9;gyptologique Reine &#xC9;lisabeth, Bruxelles, 1992&lt;/td&gt;
            &lt;/tr&gt;
            &lt;tr&gt;
              &lt;td&gt;Language&lt;/td&gt;
              &lt;td&gt;English&lt;/td&gt;
            &lt;/tr&gt;
            &lt;tr&gt;
              &lt;td&gt;Call Number&lt;/td&gt;
              &lt;td&gt;PA3343 .M4 1992&lt;/td&gt;
            &lt;/tr&gt;
            &lt;tr&gt;
              &lt;td&gt;Geo Subject&lt;/td&gt;
              &lt;td&gt;Egypt&lt;/td&gt;
            &lt;/tr&gt;
            &lt;tr&gt;
              &lt;td&gt;ID&lt;/td&gt;
              &lt;td&gt;isaw_pbrx000026&lt;/td&gt;
            &lt;/tr&gt;
          &lt;/table&gt;
        &lt;/div&gt;
</description>
      <Point>
        <coordinates>29.2089059890431,25.0263168522656,0</coordinates>
      </Point>
    </Placemark>
    <Placemark id="isaw_wwau001001">
      <styleUrl>#redpin</styleUrl>
      <name>Representing power in ancient Inner Asia</name>
      <description>
        &lt;div&gt;&lt;/div&gt;
        &lt;div&gt;
          &lt;table&gt;
            &lt;tr&gt;
              &lt;td&gt;Title&lt;/td&gt;
              &lt;td&gt;&lt;a href="http://hdl.handle.net/2333.1/9ghx3qxx"&gt;Representing power in ancient Inner Asia&lt;/a&gt;&lt;/td&gt;
            &lt;/tr&gt;
            &lt;tr&gt;
              &lt;td&gt;Subtitle&lt;/td&gt;
              &lt;td&gt;legitimacy, transmission and the sacred&lt;/td&gt;
            &lt;/tr&gt;
            &lt;tr&gt;
              &lt;td&gt;Author&lt;/td&gt;
              &lt;td&gt;Charleux, Isabelle, editor. - Delaplace, Gr&#xE9;gory, editor. - Hamayon, Roberte, editor. - Pearce, Scott, editor.&lt;/td&gt;
            &lt;/tr&gt;
            &lt;tr&gt;
              &lt;td&gt;Publisher&lt;/td&gt;
              &lt;td&gt;Center for East Asian Studies, Western Washington University, Bellingham, WA, 2010&lt;/td&gt;
            &lt;/tr&gt;
            &lt;tr&gt;
              &lt;td&gt;Language&lt;/td&gt;
              &lt;td&gt;English&lt;/td&gt;
            &lt;/tr&gt;
            &lt;tr&gt;
              &lt;td&gt;Call Number&lt;/td&gt;
              &lt;td&gt;HN655.2.P6 R47 2010&lt;/td&gt;
            &lt;/tr&gt;
            &lt;tr&gt;
              &lt;td&gt;Geo Subject&lt;/td&gt;
              &lt;td&gt;Asia, Central&lt;/td&gt;
            &lt;/tr&gt;
            &lt;tr&gt;
              &lt;td&gt;ID&lt;/td&gt;
              &lt;td&gt;isaw_wwau001001&lt;/td&gt;
            &lt;/tr&gt;
          &lt;/table&gt;
        &lt;/div&gt;
</description>
      <Point>
        <coordinates>68.8304054693349,45.4654573869412,0</coordinates>
      </Point>
    </Placemark>
  </Document>
</kml>
